country,Notes_musees,NbVotes_musees_clean,Nb_prixNobel,Annee_souverainete,Nb_univTop500,Rang,Political regime,immigrationByCountry_immigrants,immigrationByCountry_emigrants,Primary,Lower secondary,Break 1,Break 2,Break 3,Break 4,Break 5,End of the school year break,Literacy rate 2021,Global rank,continent,Superficie,nb_diplomes,nb_habitants,education_spending_2021,GDP,averageIqByCountry_iqLynnBecker2019,averageIqByCountry_sourceLynnBecker2019,AverageIQ_ICI2017Grade,AverageIQ_ICI2017Score,AverageIQPISA2022MeanScoreMathematics,AverageIQPISA2022MeanScoreReading,AverageIQPISA2022MeanScoreScience,GDP_perCapita,Indice_evolution
Afghanistan,[4.5],[574.0],0.0,1919.0,0.0,,1.0,144098.0,5853838.0,,,,,,,,,37.27,39.0,asia,652864.0,,41128771.0,,14266499429.8746,82.12,E,,,368.0,358.0,376.0,346.8739542417788,3.303561468969322
Albania,"['4,1', '4,4', '4,6', '4,6', '4,4', '4,7', '4,7', '4,5', '4,1', '4,6', '4,4', '4,8', '4,3', '4,6', '4,9', '4,1', '4,7', '4,6', '4,6', '3,8', '5,0', '4,8', '4,5', '4,6', '4,4', '5,0']","[1000.0, 1000.0, 471.0, 1000.0, 3000.0, 259.0, 1000.0, 430.0, 58.0, 102.0, 148.0, 13.0, 183.0, 7000.0, 16.0, 208.0, 67.0, 31.0, 11.0, 15.0, 2.0, 40.0, 217.0, 348.0, 525.0, 3.0]",0.0,1912.0,0.0,,1.0,48810.0,1250451.0,,,,,,,,,,,europe,28748.0,,2777689.0,3.09,17930565118.8176,81.75,E,D+,23.4,,,,6455.209751277987,57.63580135069632
Algeria,"['4,4', '4,6', '4,4', '4,3', '4,7', '4,6', '4,3', '4,4', '4,6', '4,3', '3,4', '4,5', '4,5', '4,4', '4,2', '4,2', '4,6', '4,0', '4,6', '4,5', '4,4', '4,5', '4,1', '4,1', '4,2', '4,3']","[250.0, 545.0, 790.0, 199.0, 170.0, 348.0, 240.0, 162.0, 131.0, 366.0, 22.0, 306.0, 85.0, 155.0, 42.0, 9.0, 136.0, 5.0, 41.0, 118.0, 97.0, 95.0, 10.0, 205.0, 188.0, 69.0]",2.0,1962.0,0.0,,1.0,250378.0,2022337.0,,,,,,,,,,,africa,2381741.0,,44903225.0,6.3,163472387986.768,76.0,E,D,19.1,378.0,401.0,406.0,3640.548935778399,58.718531222232244
Andorra,"['4,5', '4,5', '4,6', '4,4', '4,5', '4,7', '4,8', '4,4', '4,7', '4,6', '4,6', '4,2', '4,9', '4,5', '4,6', '4,6', '4,4', '4,5', '3,9', '4,5', '4,2']","[383.0, 563.0, 153.0, 421.0, 193.0, 56.0, 128.0, 211.0, 82.0, 11.0, 56.0, 14.0, 43.0, 689.0, 80.0, 150.0, 9.0, 237.0, 478.0, 19.0, 255.0]",0.0,,0.0,,,45574.0,11132.0,,,,,,,,,,,europe,468.0,,79824.0,2.58,3325143693.28714,95.2,E,,,,,,41655.93923240053,
Angola,"['4,8', '4,2', '4,1', '3,9', '4,3', '4,5', '4,0', '3,8', '4,0', '5,0', '5,0', '5,0', '3,5', '3,5', '4,0', '3,3', '3,8', '5,0', '4,2']","[4.0, 421.0, 191.0, 116.0, 423.0, 11.0, 261.0, 228.0, 55.0, 1.0, 1.0, 9.0, 13.0, 2.0, 1.0, 10.0, 5.0, 2.0, 126.0]",0.0,1975.0,0.0,,1.0,656434.0,668066.0,,,,,,,,,,,africa,1246700.0,,35588987.0,2.3,66505129989.243,75.1,T,,,487.0,498.0,507.0,1868.6997185180628,38.13672894934822
Antigua and Barbuda,['4.2'],[388.0],0.0,,0.0,,,,,,,,,,,,,,,,442.0,,93763.0,3.88,1601366666.66667,70.48,E,,,487.0,480.0,491.0,17078.876173615074,
Argentina,"['4,7', '4,7', '4,6', '4,7', '4,6', '4,6', '4,5', '4,7', '4,6', '4,5', '4,6', '4,5', '4,6', '4,6', '4,6', '4,6', '4,4', '4,7', '4,6', '4,3', '4,5', '4,6', '4,6', '4,5', '4,6', '4,7', '4,6']","[8000.0, 31000.0, 26000.0, 14000.0, 5000.0, 33000.0, 8000.0, 13000.0, 12000.0, 8000.0, 17000.0, 21000.0, 3000.0, 633.0, 11000.0, 33000.0, 20000.0, 12000.0, 14000.0, 4000.0, 10000.0, 14000.0, 926.0, 12000.0, 6000.0, 3000.0, 776.0]",5.0,1810.0,1.0,95.0,2.0,2281728.0,1076148.0,,,,,,,,,,,south-america,2780400.0,,46234830.0,4.65,487902572164.348,86.63,T,B-,40.5,397.0,365.0,380.0,10552.706091151369,49.311710706314805
Armenia,"['4,4', '4,3', '4,5', '4,7', '4,7', '4,7', '4,6', '4,7', '4,6', '4,9', '4,8', '4,8', '4,7', '4,8', '4,9', '4,6', '4,6', '4,7', '4,6', '4,8', '4,8', '5,0', '4,5', '4,8', '4,7', '4,9', '4,9']","[768.0, 166.0, 332.0, 624.0, 106.0, 391.0, 279.0, 505.0, 382.0, 129.0, 66.0, 75.0, 1000.0, 44.0, 98.0, 280.0, 52.0, 32.0, 92.0, 60.0, 64.0, 111.0, 71.0, 113.0, 42.0, 116.0, 39.0]",1.0,1990.0,0.0,,2.0,190349.0,958190.0,,,,,,,,,,,asia,29743.0,,2780469.0,2.77,13878908628.9378,88.82,E,C-,29.6,,,,4991.571072699534,146.81091390292747
Australia,"['4.6', '4.1', '4.5', '4.6', '4.6', '4.6', '4.6', '4.8', '4.6', '4.6', '4.7', '4.9', '4.7', '4.6', '4.6', '4.5', '4.4', '4.8', '4.5', '4.5', '4.5', '4.7', '4.7', '4.4', '4.6', '4.6']","[8000.0, 2000.0, 6000.0, 5000.0, 15000.0, 1000.0, 6000.0, 13000.0, 4000.0, 686.0, 2000.0, 806.0, 463.0, 1000.0, 3000.0, 1000.0, 11000.0, 1000.0, 5000.0, 2000.0, 10000.0, 2000.0, 12000.0, 2000.0, 27.0, 8000.0]",14.0,1901.0,27.0,202.0,3.0,7685860.0,598765.0,7000.0,4000.0,2.2,2.0,2.0,,,6.2,,,oceania,7741220.0,271050.0,26005540.0,5.56,1559033756285.13,99.24,T,A,64.0,,,,59950.06280527649,487.3988845957438
Austria,"['4,8', '4,8', '4,7', '4,6', '4,2', '4,7', '4,3', '4,6', '4,7', '4,7', '4,5', '4,5', '4,6', '4,6', '4,6', '4,6', '4,5', '4,4', '4,6', '4,4', '4,7', '4,7', '4,6', '4,7', '4,6', '4,6', '4,0']","[25000.0, 32000.0, 26000.0, 8140.0, 21000.0, 12000.0, 4678.0, 10000.0, 12000.0, 46000.0, 3714.0, 9205.0, 42000.0, 6639.0, 3087.0, 712.0, 8670.0, 2135.0, 8918.0, 29000.0, 13000.0, 65000.0, 1022.0, 2146.0, 1630.0, 7582.0, 4568.0]",25.0,1955.0,5.0,309.0,3.0,1738183.0,600740.0,2820.0,3720.0,1.2,2.0,1.0,1.2,,9.0,,,europe,83878.0,53945.0,9041851.0,4.99,479295362747.047,98.38,T,A-,58.7,489.0,479.0,491.0,53008.544682614986,768.2397780089128
Azerbaijan,"['4,4', '4,3', '4,4', '4,5', '4,4', '4,6', '4,6', '4,7', '4,6', '4,3', '4,4', '4,5', '4,6', '4,5', '4,6', '4,7', '4,6', '4,5', '4,7', '4,5', '4,7', '4,4', '4,4', '3,7', '4,4', '4,5']","[285.0, 483.0, 2000.0, 278.0, 476.0, 217.0, 22.0, 10000.0, 46.0, 13.0, 63.0, 220.0, 414.0, 380.0, 108.0, 90.0, 71.0, 13.0, 6.0, 1000.0, 39.0, 10.0, 16.0, 36.0, 161.0, 18.0]",0.0,1991.0,0.0,,1.0,252228.0,1163922.0,,,,,,,,,,,asia,86600.0,,10141756.0,3.7,54825411764.7059,84.81,E,C-,28.6,,,,5405.909170434184,163.81542940709647
Bahamas,"['4,4', '4,8', '4,4', '4,8', '4,7', '4,2', '4,1', '4,6', '4,7', '4,7', '4,8', '3,4', '4,4', '4,8', '4,8', '4,6', '5,0', '4,8', '4,9']","[60.0, 11.0, 1000.0, 28.0, 61.0, 9.0, 23.0, 373.0, 17.0, 205.0, 150.0, 8.0, 408.0, 5.0, 4.0, 19.0, 5.0, 13.0, 12.0]",0.0,1964.0,0.0,,,63583.0,53793.0,,,,,,,,,,,north-america,,,409984.0,3.57,11527600000.0,86.99,T,,,,,,28117.194817358726,468.6199136226454
Bahrain,"[4.6, 4.5, 4.6, 4.7, 3.7, 5.0, 4.0]","[1000.0, 112.0, 790.0, 58.0, 10.0, 2.0, 157.0]",0.0,1971.0,0.0,,0.0,936094.0,58270.0,,,,,,,,,,,asia,778.0,,1472233.0,2.22,39288670212.766,83.6,T,C-,29.6,,,,26686.44855316108,503.5178972294544
Bangladesh,"[4.5, 4.6, 4.6, 4.4, 4.4, 4.6, 4.5, 4.3, 4.4, 4.4, 4.5, 4.5, 4.4, 4.4, 4.3, 4.3, 4.4, 4.5, 4.3, 4.5, 4.4, 4.5, 4.5, 4.6, 4.4, 4.5]","[14000.0, 4000.0, 14000.0, 3000.0, 8000.0, 4000.0, 1000.0, 419.0, 811.0, 219.0, 2000.0, 947.0, 13000.0, 293.0, 946.0, 283.0, 17000.0, 361.0, 546.0, 254.0, 52.0, 2.0, 20.0, 68.0, 37.0, 799.0]",1.0,1971.0,0.0,,1.0,2115408.0,7401763.0,,,,,,,,,,,asia,148460.0,,171186372.0,1.83,416264800549.026,74.33,T,D,16.9,,,,2431.6468401411416,45.88012905926682
Barbados,['4.3'],[729.0],0.0,,0.0,,3.0,34869.0,99611.0,,,,,,,,,,,north-america,431.0,,281635.0,4.98,4923100000.0,91.6,T,,,379.0,410.0,403.0,17480.426793544837,
Belarus,"['4,7', '4,8', '4,5', '4,6', '4,6', '4,2', '4,5', '4,1', '4,8', '4,7', '4,4', '4,8', '4,3', '4,8', '4,6', '4,6', '4,6', '4,3', '4,7', '4,8', '4,6', '4,8', '4,8', '4,5', '4,5', '4,8']","[3000.0, 7000.0, 1000.0, 202.0, 4000.0, 195.0, 892.0, 436.0, 1000.0, 1000.0, 240.0, 12.0, 123.0, 2000.0, 589.0, 216.0, 1000.0, 122.0, 78.0, 13000.0, 138.0, 75.0, 14.0, 56.0, 2.0, 44.0]",3.0,1990.0,1.0,387.0,1.0,1067090.0,1483626.0,,,,,,,,,,,europe,207600.0,,9228071.0,4.61,69673747131.87,101.6,T,,,442.0,429.0,446.0,7550.196257903737,222.06459582069814
Belgium,"['4,5', '4,3', '4,5', '4,5', '4,5', '4,4', '4,4', '4,5', '4,6', '4,4', '4,6', '4,6', '4,5', '4,5', '4,1', '4,6', '4,5', '4,8', '4,4', '4,5', '4,3', '4,7', '4,2', '4,5', '4,6', '4,4', '4,6']","[8000.0, 6000.0, 17000.0, 6000.0, 12000.0, 2000.0, 5000.0, 2000.0, 5000.0, 88000.0, 3000.0, 9000.0, 5000.0, 296.0, 7000.0, 9000.0, 511.0, 168.0, 1000.0, 3000.0, 3000.0, 3000.0, 2000.0, 4000.0, 3000.0, 6000.0, 3000.0]",11.0,1830.0,7.0,217.0,3.0,2005479.0,577463.0,4942.0,1834.5,1.5,2.0,1.5,2.0,,7.9,,,europe,30528.0,63414.0,11685814.0,6.23,600748812601.541,97.49,T,A-,58.7,417.0,404.0,421.0,51408.38392614678,264.9916697224061
Belize,['4.4'],[424.0],0.0,1981.0,0.0,,,62043.0,52756.0,,,,,,,,,,,north-america,22965.0,,405272.0,5.86,2424575179.3783,62.55,E,,,,,,5982.587445908674,139.1299406025273
Benin,"['4,3', '3,6', '3,9', '3,9', '3,9', '4,2', '4,2', '4,0', '3,8', '5,0', '4,2', '3,9', '3,0', '4,3']","[427.0, 106.0, 1000.0, 332.0, 335.0, 359.0, 6.0, 57.0, 84.0, 2.0, 292.0, 270.0, 7.0, 4.0]",0.0,,0.0,,1.0,394276.0,681827.0,,,,,,,,,,,africa,114763.0,,13352864.0,3.19,17687623534.6665,69.71,E,D-,12.8,336.0,329.0,347.0,1324.631444959411,
Bermuda,"['4.6', '4.6', '4.3', '4.3', '4.7', '4.6', '4.6', '4.4', '4.8', '5.0', '4.9', '5.0']","[691.0, 8.0, 21.0, 12.0, 22.0, 34.0, 257.0, 8.0, 9.0, 6.0, 7.0, 5.0]",0.0,,0.0,,,19739.0,21107.0,,,,,,,,,,,north-america,54.0,,63532.0,1.88,7127200000.0,93.48,T,,,,,,112182.83699552981,
Bhutan,"['4.3', '4.2', '4.4', '4.3', '4.4', '4.7', '4.4', '4.3']","[1000.0, 621.0, 943.0, 405.0, 33.0, 35.0, 7.0, 12.0]",0.0,,0.0,,2.0,53612.0,51998.0,,,,,,,,,,,asia,38394.0,,782455.0,6.97,2768003872.54065,87.94,E,,,497.0,507.0,515.0,3537.5885802258913,
Bolivia,"['4,6', '4,3', '4,4', '4,6', '4,7', '4,1', '4,1', '4,1', '4,3', '4,0', '4,1', '4,3', '4,7', '4,5', '4,3', '4,0', '4,2', '4,3', '4,3', '4,1', '4,5', '4,3', '4,5', '4,4', '4,4', '4,6', '3,7']","[448.0, 410.0, 499.0, 846.0, 2000.0, 29.0, 67.0, 49.0, 71.0, 107.0, 63.0, 130.0, 267.0, 2000.0, 193.0, 34.0, 2000.0, 214.0, 29.0, 225.0, 551.0, 203.0, 8.0, 183.0, 598.0, 700.0, 34.0]",0.0,1825.0,0.0,,0.0,164121.0,927244.0,,,,,,,,,,,south-america,1098581.0,,12224110.0,,40406111695.179,76.53,T,D+,22.3,,,,3305.444052383282,16.61027162001649
Bosnia and Herzegovina,"['4,7', '4,2', '4,6', '4,7', '4,1', '4,8', '4,4', '4,6', '4,7', '4,8', '4,8', '5,0', '4,7', '4,7', '4,6', '4,5', '4,6', '4,5', '4,7', '4,7', '4,5', '4,8', '4,6', '4,7', '5,0', '4,5', '4,8']","[3000.0, 677.0, 203.0, 68.0, 64.0, 963.0, 507.0, 101.0, 1000.0, 159.0, 732.0, 20.0, 1000.0, 368.0, 110.0, 338.0, 309.0, 324.0, 795.0, 1000.0, 32.0, 180.0, 6000.0, 503.0, 3.0, 108.0, 465.0]",2.0,1992.0,0.0,,2.0,36042.0,1687639.0,,,,,,,,,,,europe,51209.0,,3233526.0,,23649568276.8447,88.54,T,C-,25.8,412.0,448.0,444.0,7313.8636512725425,228.55823910226695
Botswana,"['3.8', '3.9', '4.3', '2.9', '3.9', '4.1', '4.1']","[242.0, 34.0, 8.0, 7.0, 39.0, 36.0, 287.0]",0.0,1885.0,0.0,,3.0,110268.0,63561.0,,,,,,,,,,,africa,582000.0,,2630296.0,,18737066311.1597,69.45,T,D+,23.9,,,,7123.558075273543,51.248619246572254
Brazil,"['4,7', '4,8', '4,7', '4,7', '4,8', '4,6', '4,9', '4,8', '4,7', '4,8', '4,6', '4,8', '4,8', '4,7', '4,7', '4,5', '4,8', '4,8', '4,7', '4,8', '4,8', '4,7', '4,6', '4,8', '4,8', '4,7', '4,6']","[104000.0, 37000.0, 95000.0, 57000.0, 21000.0, 19000.0, 16000.0, 34000.0, 17000.0, 1000.0, 2000.0, 12000.0, 33000.0, 15000.0, 8000.0, 1000.0, 19000.0, 3000.0, 7000.0, 6000.0, 3000.0, 20000.0, 14.0, 42000.0, 8000.0, 3000.0, 2000.0]",1.0,1822.0,4.0,274.0,2.0,1079708.0,1897128.0,4000.0,3200.0,,,,,,,,,south-america,8510346.0,,215313498.0,,1649622821885.14,83.38,T,C+,36.2,383.0,409.0,411.0,7661.492833510791,37.92818234411283
British Virgin Islands,"['4.7', '4.4', '5.0', '2.5', '3.8']","[26.0, 7.0, 1.0, 2.0, 5.0]",0.0,,0.0,,,22164.0,5355.0,,,,,,,,,,,,151.0,,31305.0,,,76.69,E,,,385.0,415.0,411.0,,
Brunei,"['4,4', '4,0', '4,6', '3,8', '4,5', '3,8', '4,5', '3,0']","[821.0, 215.0, 33.0, 68.0, 49.0, 28.0, 2.0, 2.0]",0.0,1984.0,1.0,387.0,,,,,,,,,,,,97.59,21.0,asia,5765.0,,449002.0,,14006496617.4458,87.58,E,,,463.0,475.0,483.0,31194.731020008378,779.8682755002094
Bulgaria,"['4,6', '4,4', '4,6', '4,6', '4,7', '4,5', '4,6', '4,7', '4,6', '4,1', '4,7', '4,5', '4,7', '4,6', '4,7', '4,7', '4,6', '4,7', '4,4', '4,6', '4,6', '4,5', '4,7', '4,6', '4,7', '4,7']","[3000.0, 4000.0, 3000.0, 1000.0, 4000.0, 1000.0, 3000.0, 1000.0, 3000.0, 1000.0, 14000.0, 547.0, 5000.0, 3000.0, 6000.0, 64.0, 1000.0, 763.0, 2000.0, 3000.0, 1000.0, 597.0, 5000.0, 904.0, 359.0, 628.0]",1.0,1878.0,0.0,,2.0,184363.0,1683626.0,2028.0,2207.0,1.2,1.2,,,,10.8,98.42,16.0,europe,110879.0,,6465097.0,4.49,84041493015.6618,90.99,T,B-,43.3,418.0,381.0,411.0,12999.262503820408,89.03604454671512
Burkina Faso,"['3,9', '1,0', '5,0', '4,0']","[217.0, 1.0, 2.0, 123.0]",0.0,1958.0,0.0,,2.0,723989.0,1599347.0,,,,,,,,,,,africa,274200.0,,22673762.0,5.22,19642668879.7694,73.8,T,,,487.0,489.0,498.0,866.3171501830795,13.126017427016357
Burundi,"['4,4', '5,0', '4,8']","[35.0, 2.0, 8.0]",0.0,1962.0,0.0,,1.0,344767.0,551105.0,,,,,,,,,,,africa,27834.0,,12889576.0,4.87,2775798697.47186,72.09,E,D-,8.8,489.0,489.0,494.0,215.3522115445737,3.4734227668479627
Cambodia,"['4.1', '4.6', '4.4', '4.6', '4.0', '4.8', '4.2', '4.3', '4.4', '4.7', '5.0', '4.2', '4.2', '4.4', '4.3', '4.6', '4.0', '4.3', '4.2', '4.3', '3.7', '3.7']","[5000.0, 10000.0, 4000.0, 754.0, 1000.0, 362.0, 212.0, 41.0, 82.0, 285.0, 176.0, 291.0, 578.0, 88.0, 36.0, 1000.0, 183.0, 74.0, 697.0, 313.0, 62.0, 65.0]",0.0,1953.0,0.0,,1.0,79341.0,1104819.0,,,,,,,,,,,asia,181035.0,,16767842.0,1.67,26961061151.7337,99.75,T,D,16.1,339.0,351.0,360.0,1607.9028626184395,22.646519191809006
Cameroon,"['4.0', '4.0', '3.9', '4.0', '4.6', '4.0', '4.1', '4.1', '3.9', '4.3', '4.1', '3.6', '4.0', '4.3', '3.8', '4.2', '1.0', '3.5', '4.8', '3.7', '3.6', '4.5', '5.0']","[1000.0, 525.0, 79.0, 24.0, 13.0, 286.0, 105.0, 149.0, 229.0, 9.0, 117.0, 39.0, 4.0, 536.0, 41.0, 5.0, 1.0, 2.0, 4.0, 3.0, 69.0, 2.0, 2.0]",0.0,1960.0,0.0,,1.0,579209.0,441015.0,,,,,,,,,,,africa,475650.0,,27914536.0,2.83,44993521774.066,67.76,E,D,17.8,,,,1611.8312614641347,25.184863460377105
Canada,"['4.6', '4.7', '4.6', '4.7', '4.7', '4.7', '4.6', '4.6', '4.7', '4.7', '4.8', '4.6', '4.7', '4.7', '4.7', '4.6', '4.7', '4.5', '4.5', '4.6', '4.6', '4.7', '4.7', '4.4', '4.6', '4.6', '4.6']","[11000.0, 8000.0, 4000.0, 34000.0, 11000.0, 8000.0, 2000.0, 9000.0, 5000.0, 1000.0, 12000.0, 6000.0, 2000.0, 16000.0, 14000.0, 7000.0, 5000.0, 6000.0, 5000.0, 2000.0, 2000.0, 3000.0, 2000.0, 14000.0, 4000.0, 4000.0, 1000.0]",27.0,1867.0,19.0,226.0,3.0,8049323.0,1292329.0,5531.0,2774.0,,,,,,,,,north-america,9984670.0,232349.0,38929902.0,4.59,2007472181464.15,99.52,T,A,61.2,,,,51566.330207154126,328.4479631028925
Cape Verde,"['4,8', '4,3', '4,0', '5,0', '4,3', '4,5', '4,2', '4,1', '4,3', '4,3', '3,0', '4,4', '4,0']","[147.0, 4.0, 117.0, 20.0, 48.0, 115.0, 41.0, 8.0, 84.0, 31.0, 4.0, 45.0, 85.0]",0.0,,0.0,,2.0,15788.0,187558.0,,,,,,,,,,,africa,4033.0,,593149.0,6.04,1997866378.77119,52.5,E,,,343.0,365.0,373.0,3368.2369501949593,
Cayman Islands,"['4.5', '4.6']","[232.0, 130.0]",0.0,,0.0,,,29242.0,1908.0,,,,,,,,,,,,264.0,,68706.0,,6028373513.49405,82.24,E,,,510.0,511.0,526.0,87741.58753957515,
Central African Republic,"['4,8']",[5.0],0.0,1958.0,0.0,,1.0,88546.0,816668.0,,,,,,,,,,,africa,622984.0,,5579144.0,1.87,2516498412.46384,62.55,E,,,,,,451.0545726125441,6.834160191099153
Chad,"['4,2']",[130.0],0.0,1960.0,0.0,,1.0,547494.0,222303.0,,,,,,,,,,,africa,1284000.0,,17723315.0,2.89,11779981332.8631,78.87,E,D-,10.3,484.0,490.0,511.0,664.6601571355641,10.385314955243189
Chile,"['4,7', '4,7', '4,6', '4,7', '4,6', '4,6', '4,7', '4,8', '4,5', '4,7', '4,6', '4,5', '4,7', '4,6', '4,6', '4,7', '4,4', '4,3', '4,5', '4,7', '4,8', '4,7', '4,8', '4,5', '4,6', '4,7', '4,5']","[12000.0, 11000.0, 13000.0, 17000.0, 4000.0, 15000.0, 8000.0, 3000.0, 1000.0, 5000.0, 3000.0, 795.0, 7000.0, 3000.0, 1000.0, 4000.0, 9000.0, 251.0, 5000.0, 3000.0, 1000.0, 2000.0, 1000.0, 985.0, 1000.0, 1000.0, 611.0]",2.0,1818.0,3.0,224.0,2.0,1645015.0,643800.0,6165.0,2132.0,,,,,,,,,south-america,756102.0,,19603733.0,,316581155648.871,87.89,T,C+,37.8,474.0,474.0,487.0,16149.024048066303,78.39332062168108
China,"['4.3', '4.4', '4.6', '4.5', '4.3', '4.4', '4.6', '4.6', '4.3', '4.4', '4.3', '4.3', '4.2', '4.4', '4.4', '4.5', '4.3', '4.4', '4.3', '4.4', '4.2', '4.6', '4.1', '4.3', '4.4', '4.0']","[398.0, 925.0, 1000.0, 236.0, 154.0, 451.0, 38.0, 3551.0, 156.0, 14.0, 326.0, 455.0, 221.0, 573.0, 316.0, 82.0, 282.0, 37.0, 1149.0, 151.0, 1528.0, 101.0, 148.0, 6812.0, 7622.0, 610.0]",8.0,1368.0,29.0,289.0,0.0,1039675.0,10461170.0,,,,,,,,,,,asia,9596960.0,,1412175000.0,3.3,17820459508852.2,104.1,T,B,47.3,390.0,374.0,384.0,12619.158042630836,19.236521406449445
Colombia,"['4,7', '4,8', '4,8', '4,6', '4,7', '4,2', '3,9', '4,7', '4,7', '4,7', '4,7', '4,6', '4,7', '4,6', '4,8', '4,6', '3,8', '4,5', '4,7', '4,7', '4,7', '4,8', '4,6', '4,6', '4,7', '4,5', '4,6']","[29000.0, 41000.0, 20000.0, 1000.0, 8000.0, 3000.0, 2000.0, 4000.0, 8000.0, 2000.0, 13000.0, 12000.0, 727.0, 5000.0, 1000.0, 4000.0, 61.0, 767.0, 2000.0, 1000.0, 2000.0, 1000.0, 685.0, 4000.0, 2000.0, 3000.0, 1000.0]",2.0,1810.0,3.0,257.0,2.0,1905393.0,3024273.0,5000.0,4800.0,1.0,3.0,1.0,,,7.2,,,south-america,1138910.0,,51874024.0,,318511813576.97,83.13,T,C-,27.9,475.0,480.0,492.0,6140.102290444443,28.692066777777768
Comoros,['4.5'],[12.0],0.0,1975.0,0.0,,1.0,12496.0,150823.0,,,,,,,,,,,africa,1861.0,,836774.0,2.27,1296089479.45831,77.07,E,,,,,,1548.9122265489964,31.610453603040742
Cook Islands,"['4.5', '4.8', '4.0', '4.4']","[103.0, 9.0, 32.0, 42.0]",0.0,,0.0,,,4579.0,21106.0,,,,,,,,,,,,236.0,,,,,83.96,E,,,430.0,438.0,441.0,,
Costa Rica,"['4,7', '4,7', '4,7', '4,7', '4,7', '4,4', '4,6', '4,7', '4,7', '4,5', '4,6', '4,6', '4,5', '4,6', '4,5', '4,8', '4,7', '4,3', '4,7', '4,7', '4,6', '4,1', '4,7', '4,7', '4,7', '4,5']","[7000.0, 3000.0, 2000.0, 2000.0, 1000.0, 406.0, 7000.0, 949.0, 605.0, 44.0, 447.0, 3000.0, 49.0, 694.0, 531.0, 51.0, 101.0, 55.0, 129.0, 121.0, 779.0, 164.0, 13.0, 2000.0, 187.0, 50.0]",1.0,1821.0,0.0,,3.0,520729.0,150241.0,6880.0,3360.0,1.2,2.0,,,,7.6,98.04,19.0,north-america,51100.0,,5180829.0,6.28,64960725734.2362,88.34,T,C,32.4,344.0,374.0,373.0,12538.67397172078,61.76686685576739
Croatia,"['4,4', '4,7', '4,6', '4,8', '4,7', '4,5', '4,5', '4,8', '4,6', '4,3', '4,6', '4,8', '4,3', '4,5', '5,0', '4,8', '4,1', '4,5', '4,6', '4,7', '4,8', '4,3', '4,5', '4,8', '4,2', '4,7', '3,9']","[6000.0, 838.0, 1000.0, 1000.0, 1000.0, 466.0, 1000.0, 61.0, 6000.0, 96.0, 401.0, 9000.0, 7000.0, 2000.0, 68.0, 156.0, 2000.0, 2.0, 2000.0, 221.0, 738.0, 221.0, 481.0, 456.0, 1000.0, 501.0, 1000.0]",3.0,1991.0,0.0,,2.0,528056.0,1039526.0,1890.0,2651.0,2.0,1.0,1.4,,,10.4,99.45,9.0,europe,56594.0,,3855600.0,5.2,69081236641.2469,95.75,T,C+,38.5,,,,17917.117087158134,542.942942035095
Cuba,"['4.5', '4.3', '4.1', '4.7', '4.7', '4.3', '4.5', '4.2', '4.2', '4.3', '4.1', '4.8', '3.8', '4.6', '4.5', '4.5', '4.4', '4.6', '5.0', '4.5', '4.7', '5.0', '4.3', '4.2', '4.4', '2.5']","[512.0, 877.0, 32.0, 17.0, 64.0, 67.0, 582.0, 91.0, 47.0, 51.0, 40.0, 19.0, 22.0, 190.0, 99.0, 364.0, 5.0, 499.0, 2.0, 15.0, 3.0, 1.0, 7.0, 49.0, 17.0, 2.0]",0.0,1898.0,0.0,,0.0,3024.0,1757300.0,,,,,,,,,,,north-america,109884.0,,11212191.0,,107351800000.0,83.9,T,,,,,,9574.560404830778,75.9885746415141
Cyprus,"['4,6', '4,6', '4,3', '4,3', '4,7', '4,4', '4,8', '4,6', '4,1', '4,7', '4,3', '5,0', '3,8', '4,9', '4,8', '4,3', '4,5', '4,7', '4,9', '4,6', '4,7', '4,8', '3,9', '4,5', '4,7', '4,2']","[1000.0, 459.0, 52.0, 601.0, 352.0, 795.0, 168.0, 91.0, 361.0, 115.0, 31.0, 13.0, 141.0, 522.0, 22.0, 149.0, 71.0, 764.0, 7.0, 52.0, 79.0, 45.0, 60.0, 6.0, 3.0, 149.0]",1.0,1960.0,1.0,368.0,3.0,190366.0,173210.0,,,,,,,,,99.36,11.0,asia,9251.0,,1251488.0,5.62,29482917678.8954,93.39,T,C+,38.5,540.0,500.0,520.0,23558.290354278586,368.0982867856029
Czech Republic,"['4,5', '4,6', '4,1', '4,6', '4,1', '4,3', '4,2', '4,6', '4,2', '4,1', '4,6', '4,2', '4,8', '4,3', '4,8', '4,7', '4,9', '4,6', '4,5', '4,8', '4,2', '4,8', '4,3', '4,4', '4,5', '4,6']","[33000.0, 1000.0, 6000.0, 16000.0, 6000.0, 1000.0, 5000.0, 5000.0, 11000.0, 5000.0, 1000.0, 6000.0, 4000.0, 1000.0, 1000.0, 322.0, 842.0, 10000.0, 2000.0, 664.0, 3000.0, 2000.0, 319.0, 509.0, 426.0, 1000.0]",6.0,1918.0,0.0,,,540921.0,1026108.0,3434.0,3550.0,0.6,0.2,1.4,1.0,0.6,9.0,,,europe,78871.0,,10672118.0,5.05,281791218507.1,94.92,T,B+,51.8,473.0,473.0,486.0,26404.432419797082,249.09841905468946
DR Congo,"['4,1', '4,2', '4,4', '3,7', '4,3', '4,6']","[230.0, 1000.0, 9.0, 3.0, 87.0, 38.0]",1.0,1960.0,0.0,,1.0,952871.0,1832069.0,,,,,,,,,,,africa,2344858.0,,99010212.0,2.66,55328482783.5393,64.92,T,,,492.0,516.0,504.0,558.8159207611766,8.731498761893384
Denmark,"['4,5', '4,3', '4,6', '4,5', '4,7', '4,6', '4,2', '4,5', '4,4', '4,4', '4,6', '4,6', '4,1', '4,5', '4,3', '4,5', '4,5', '4,5', '4,4', '4,5', '4,3', '4,4', '4,7', '4,7', '4,4', '4,5', '4,5']","[11000.0, 5000.0, 11000.0, 4000.0, 9000.0, 13000.0, 1000.0, 12000.0, 2000.0, 2000.0, 2000.0, 17000.0, 5000.0, 2000.0, 4000.0, 2000.0, 9000.0, 1000.0, 1000.0, 1000.0, 2000.0, 2000.0, 2000.0, 11000.0, 1000.0, 90.0, 570.0]",14.0,958.0,5.0,207.0,3.0,717574.0,257025.0,7000.0,3600.0,1.0,1.6,1.0,1.2,,6.0,,,europe,42947.0,50332.0,5903037.0,6.04,405687998852.691,97.83,T,A,60.3,459.0,436.0,447.0,68725.30171379427,64.47026427185203
Djibouti,"['4,0', '5,0', '4,2', '5,0', '5,0', '5,0', '5,0']","[3.0, 8.0, 109.0, 4.0, 4.0, 1.0, 2.0]",0.0,1977.0,0.0,,1.0,119738.0,18365.0,,,,,,,,,,,africa,23200.0,,1120849.0,,3385825228.86997,68.41,E,,,,,,3020.768389738466,64.27166786677587
Dominica,['4.3'],[65.0],0.0,,0.0,,,8284.0,78191.0,,,,,,,,,,,north-america,750.0,,72737.0,5.47,555266666.666667,66.03,T,,,366.0,359.0,383.0,7633.8956331257405,
Dominican Republic,"['4.6', '4.1', '4.8', '4.6', '4.3', '4.4', '4.5', '4.6', '4.6', '4.3', '4.3', '4.4', '4.6', '4.5', '4.7', '4.6', '4.7', '4.2', '4.6', '4.7', '4.6', '4.7', '4.6', '4.4', '4.7', '3.8', '4.5']","[1000.0, 613.0, 4000.0, 912.0, 5000.0, 628.0, 1000.0, 164.0, 453.0, 341.0, 1000.0, 146.0, 227.0, 1000.0, 2000.0, 144.0, 1000.0, 48.0, 960.0, 469.0, 1000.0, 152.0, 682.0, 35.0, 2000.0, 70.0, 135.0]",0.0,1865.0,0.0,,2.0,603794.0,1608567.0,,,,,,,,,,,north-america,48670.0,,11228821.0,3.75,94243425938.3647,82.05,T,D+,23.9,,,,8392.993880512005,52.7861250346667
Ecuador,"['4,6', '4,7', '4,7', '4,6', '4,6', '4,8', '4,7', '4,4', '4,6', '4,6', '4,7', '4,5', '4,5', '4,7', '4,7', '4,4', '4,5', '4,5', '4,7', '4,7', '4,9', '4,4', '4,5', '4,6', '4,7', '4,7', '4,6']","[1000.0, 2000.0, 2000.0, 1000.0, 638.0, 885.0, 1000.0, 2000.0, 3000.0, 1000.0, 93.0, 685.0, 262.0, 3000.0, 1000.0, 336.0, 194.0, 154.0, 1000.0, 62.0, 294.0, 83.0, 74.0, 129.0, 1000.0, 535.0, 376.0]",0.0,,0.0,,2.0,784787.0,1127891.0,,,,,,,,,94.48,26.0,south-america,283561.0,,18001000.0,3.69,106165866000.0,78.26,T,C-,25.3,458.0,474.0,465.0,5897.776012443753,
Egypt,"[4.5, 4.4, 4.7, 4.6, 4.6, 4.3, 4.6, 4.5, 4.5, 4.4, 4.5, 4.6, 4.6, 4.4, 4.3, 4.5, 4.3, 4.6, 4.4, 4.6, 4.4, 4.4, 4.6, 4.5, 4.5, 4.2, 4.1]","[51000.0, 3000.0, 21000.0, 1000.0, 3000.0, 793.0, 7000.0, 11000.0, 5000.0, 2000.0, 1000.0, 6000.0, 7000.0, 957.0, 378.0, 1000.0, 377.0, 537.0, 1000.0, 662.0, 8000.0, 1000.0, 169.0, 141.0, 90.0, 1000.0, 108.0]",4.0,1953.0,2.0,393.0,1.0,543937.0,3610461.0,,,,,,,,,,,africa,1001450.0,,110990103.0,,424671765455.704,76.32,T,D+,21.6,471.0,482.0,477.0,3826.212914278528,53.890322736317295
El Salvador,"['4.7', '4.6', '4.7', '4.7', '4.6', '4.5', '4.4', '4.8', '4.6', '4.7', '4.4', '4.5', '4.6', '4.3', '4.5', '4.5', '4.5', '4.6', '4.6', '4.6', '4.7', '4.8', '4.4', '4.5', '2.9']","[2000.0, 1000.0, 132.0, 295.0, 2000.0, 3000.0, 109.0, 128.0, 113.0, 703.0, 1000.0, 227.0, 76.0, 125.0, 1000.0, 228.0, 15.0, 161.0, 1000.0, 3000.0, 376.0, 107.0, 63.0, 892.0, 123.0]",0.0,1821.0,0.0,,2.0,42767.0,1599058.0,,,,,,,,,,,north-america,21041.0,,6336392.0,3.53,29451240000.0,69.63,E,D+,21.7,377.0,410.0,403.0,4647.951073734074,22.896310708049626
Eritrea,['3.9'],[29.0],0.0,1993.0,0.0,,0.0,13934.0,802822.0,,,,,,,,,,,africa,117600.0,,3684032.0,,2065001626.01626,68.77,T,,,536.0,516.0,547.0,560.5276029134003,18.08153557785162
Estonia,"['4,7', '4,6', '4,7', '4,7', '4,9', '4,6', '4,5', '4,5', '4,8', '4,6', '4,6', '4,5', '4,6', '4,5', '4,7', '4,8', '4,7', '4,8', '4,7', '4,8', '4,7', '4,6', '4,6', '4,6', '4,7', '4,7', '4,8']","[5000.0, 4000.0, 5000.0, 1000.0, 95.0, 6000.0, 1000.0, 661.0, 1000.0, 126.0, 238.0, 1000.0, 3000.0, 751.0, 1000.0, 9000.0, 642.0, 503.0, 367.0, 272.0, 621.0, 635.0, 317.0, 1000.0, 5000.0, 267.0, 15000.0]",0.0,1991.0,1.0,358.0,3.0,199277.0,206631.0,3964.0,2468.0,1.0,2.4,1.0,1.0,,11.2,99.87,5.0,europe,45339.0,,1348840.0,5.91,37191166151.98,100.72,T,B,49.5,361.0,342.0,375.0,27572.704065700902,835.5364868394213
Eswatini,"['4.1', '3.2']","[65.0, 5.0]",0.0,1968.0,0.0,,0.0,32858.0,50039.0,,,,,,,,,,,,17363.0,,1201670.0,5.29,4850842571.59151,68.87,E,,,425.0,386.0,423.0,4036.7509978542444,72.08483924739723
Ethiopia,"['4.2', '4.3', '4.1', '4.1', '4.4', '4.3', '4.7', '4.4', '5.0', '4.4', '4.8']","[1000.0, 223.0, 144.0, 34.0, 356.0, 45.0, 154.0, 31.0, 6.0, 92.0, 5.0]",1.0,1941.0,0.0,,1.0,1085517.0,946129.0,,,,,,,,,,,africa,1104300.0,,123379924.0,4.07,111261882958.426,68.42,T,D-,10.3,,,,901.7827159500114,10.864851999397727
Fiji,['4.1'],[663.0],0.0,1970.0,0.0,,1.0,14087.0,233856.0,,,,,,,,,,,oceania,18272.0,,929766.0,5.97,4305031630.81808,83.96,E,,,355.0,342.0,357.0,4630.231295635762,85.74502399325485
Finland,"['4,2', '4,5', '4,2', '3,7', '4,4', '4,6', '4,5', '4,4', '4,4', '4,4', '4,6', '4,5', '4,5', '4,6', '4,4', '4,2', '4,3', '4,4', '4,6', '4,2', '4,6', '4,4', '4,6', '4,6', '4,5', '4,6', '4,5']","[7000.0, 7000.0, 3000.0, 382.0, 3000.0, 5000.0, 2000.0, 8000.0, 1000.0, 2000.0, 5000.0, 1000.0, 8000.0, 2000.0, 1000.0, 520.0, 2000.0, 1000.0, 3000.0, 556.0, 1000.0, 6000.0, 1000.0, 468.0, 1000.0, 1000.0, 1000.0]",5.0,1917.0,7.0,298.0,3.0,386052.0,311889.0,3962.0,2423.0,1.0,1.8,0.8,,,9.8,,,europe,338145.0,53271.0,5556106.0,5.69,296470417085.267,101.2,T,A,60.5,,,,53359.38822716252,498.6858712818927
France,"['4,7', '4,5', '3,3', '4,6', '4,7', '4,5', '4,6', '4,6', '4,4', '4,4', '4,4', '4,5', '4,6', '4,6', '4,7', '4,5', '4,3', '4,6', '4,6', '4,6', '4,5', '4,5', '4,6', '4,6', '4,3', '4,7', '4,7']","[309000.0, 6000.0, 3.0, 13000.0, 88000.0, 1000.0, 23000.0, 17000.0, 20000.0, 5000.0, 4000.0, 212.0, 17000.0, 17000.0, 17000.0, 4000.0, 12000.0, 11000.0, 3000.0, 18000.0, 9000.0, 1000.0, 6000.0, 6000.0, 6000.0, 10.0, 12000.0]",75.0,843.0,16.0,265.0,3.0,8524876.0,2341908.0,4320.0,3872.0,2.0,2.2,2.0,2.2,,8.0,,,europe,643801.0,411482.0,67971311.0,5.25,2959355819170.5,96.69,T,A-,56.7,,,,43538.30720096748,36.86562845128491
Gabon,"['4,2', '3,6']","[161.0, 53.0]",0.0,1960.0,0.0,,1.0,416651.0,48392.0,,,,,,,,,,,africa,267668.0,,2388992.0,2.7,20217946922.4528,62.97,E,,,,,,8462.961333672445,132.23377083863195
Gambia,"['3.8', '4.0', '4.6', '4.3']","[144.0, 52.0, 25.0, 82.0]",0.0,1965.0,0.0,,2.0,,,,,,,,,,,,,africa,,,2705992.0,2.94,2038414968.60683,52.68,T,,,483.0,475.0,494.0,753.2967461126382,12.767741459536241
Georgia,"['4,5', '4,6', '4,6', '4,8', '4,5', '4,8', '4,8', '4,4', '4,9', '4,6', '4,6', '4,2', '4,7', '4,3', '4,7', '4,7', '4,1', '4,8', '4,5', '4,6', '4,6', '4,4', '4,1', '4,5', '4,2', '4,3']","[5000.0, 1000.0, 2000.0, 622.0, 265.0, 165.0, 676.0, 1000.0, 3000.0, 1000.0, 651.0, 790.0, 1000.0, 715.0, 182.0, 1000.0, 5000.0, 523.0, 360.0, 909.0, 538.0, 638.0, 122.0, 133.0, 291.0, 110.0]",0.0,1991.0,0.0,,2.0,79368.0,861077.0,,,,,,,,,,,asia,,,3712502.0,3.64,18629365612.096,84.5,E,C,31.5,,,,5018.008235981018,152.0608556357884
Germany,"['4,5', '4,5', '4,5', '4,6', '4,3', '4,8', '4,7', '4,6', '4,3', '4,7', '4,6', '4,6', '4,7', '4,8', '4,6', '4,6', '4,7', '4,7', '4,3', '4,3', '4,6', '4,6', '4,3', '4,6', '4,8', '4,6', '4,5']","[33000.0, 9507.0, 11000.0, 21000.0, 15000.0, 41000.0, 6326.0, 35000.0, 21000.0, 48000.0, 9464.0, 4143.0, 1350.0, 84000.0, 6978.0, 16000.0, 31000.0, 26000.0, 514.0, 35000.0, 6517.0, 34000.0, 15000.0, 14000.0, 7364.0, 8992.0, 29000.0]",115.0,962.0,30.0,278.0,3.0,15762457.0,3855268.0,2896.0,4480.0,1.0,1.4,1.2,,,6.0,,,europe,357581.0,489703.0,83797985.0,4.53,4278503934689.85,100.74,T,A,64.2,,,,51057.3605640977,48.076610700656964
Ghana,"['4.0', '4.0', '3.8', '3.5', '4.4', '4.4', '4.2', '4.9', '4.4', '4.0', '4.4', '4.2', '3.8', '4.3', '5.0']","[983.0, 514.0, 435.0, 206.0, 2000.0, 2000.0, 292.0, 132.0, 63.0, 3.0, 988.0, 78.0, 134.0, 385.0, 1.0]",1.0,1957.0,0.0,,3.0,476412.0,1004324.0,,,,,,,,,,,africa,238537.0,,33475870.0,3.42,79524421861.2743,58.16,T,D,17.4,475.0,472.0,484.0,2375.5744618817766,35.45633525196681
Greece,"['4,6', '4,7', '4,7', '4,7', '4,7', '4,7', '4,7', '4,6', '4,7', '4,7', '4,3', '4,5', '4,8', '4,7', '4,6', '4,8', '4,9', '4,4', '4,6', '4,5', '4,9', '4,7', '4,7', '4,8', '4,3', '4,8', '4,7']","[28000.0, 5000.0, 62000.0, 6000.0, 28000.0, 3000.0, 3000.0, 4000.0, 11000.0, 5000.0, 5000.0, 4000.0, 2000.0, 2000.0, 1000.0, 71.0, 1000.0, 2000.0, 3000.0, 2000.0, 775.0, 813.0, 2000.0, 107.0, 845.0, 218.0, 2000.0]",2.0,1822.0,2.0,396.0,2.0,1340456.0,1088507.0,4483.0,2433.0,2.0,2.8,,,,12.2,,,europe,131957.0,46149.0,10426919.0,4.06,214667807441.202,90.77,T,B-,40.1,552.0,510.0,543.0,20587.846461759415,101.920031988908
Greenland,"['4,5', '4,3', '4,1', '4,5', '4,8', '4,0', '4,1', '4,2', '3,8', '4,3', '5,0', '4,5', '4,2', '4,3', '4,5', '4,0', '4,4']","[282.0, 197.0, 11.0, 33.0, 43.0, 18.0, 9.0, 28.0, 16.0, 26.0, 8.0, 85.0, 38.0, 18.0, 6.0, 59.0, 12.0]",0.0,,0.0,,,5899.0,17866.0,,,,,,,,,,,,2166086.0,,56661.0,,3235809504.29871,98.89,T,,,,,,57108.2314872436,
Grenada,"['4.1', '4.2', '4.5', '4.2']","[58.0, 12.0, 13.0, 114.0]",0.0,,0.0,,,7213.0,62204.0,,,,,,,,,,,north-america,345.0,,125438.0,4.09,1122800000.0,79.34,E,,,,,,8951.035571357961,
Guatemala,"['4.6', '4.6', '4.1', '4.6', '4.2', '4.6', '4.7', '4.6', '4.7', '4.6', '4.7', '4.8', '4.6', '4.7', '4.8', '4.5', '4.6', '3.8', '4.6', '4.1']","[673.0, 3000.0, 184.0, 269.0, 26.0, 422.0, 15.0, 1000.0, 763.0, 1000.0, 108.0, 115.0, 1000.0, 235.0, 91.0, 405.0, 1000.0, 23.0, 38.0, 10.0]",2.0,1821.0,0.0,,2.0,84311.0,1368431.0,,,,,,,,,,,north-america,108889.0,,17357886.0,3.11,86053083476.0294,47.72,T,D+,22.8,409.0,388.0,416.0,4957.578559741054,24.421569259808148
Guinea,"['3,8', '5,0', '4,6']","[103.0, 1.0, 12.0]",0.0,1958.0,0.0,,1.0,121437.0,550790.0,,,,,,,,,45.33,38.0,africa,28051.0,,13859341.0,2.04,16091817842.1318,53.48,E,D-,6.8,,,,1161.081024136126,17.59213672933524
Guyana,"['4.3', '4.6', '5.0', '4.3']","[213.0, 8.0, 3.0, 23.0]",0.0,1966.0,0.0,,2.0,31169.0,438413.0,,,,,,,,,,,south-america,214969.0,,808726.0,,8041362110.31175,83.23,E,,,466.0,445.0,466.0,9943.246674784476,171.43528749628405
Haiti,"['4,3', '5,0', '4,3', '4,4', '3,9', '4,0', '1,0']","[635.0, 1.0, 189.0, 69.0, 39.0, 50.0, 1.0]",0.0,1804.0,0.0,,1.0,18884.0,1769671.0,,,,,,,,,,,north-america,27750.0,,11584996.0,1.84,20877414952.6375,82.1,T,,,,,,1802.108084684492,8.191400384929509
Honduras,"['4.5', '4.5', '4.5', '4.6', '4.6', '4.7', '4.6', '4.7', '4.7', '4.0', '4.5', '4.7', '4.7', '4.8', '4.3', '4.0', '5.0']","[1000.0, 685.0, 1000.0, 195.0, 455.0, 2000.0, 1000.0, 45.0, 47.0, 81.0, 306.0, 7.0, 34.0, 39.0, 249.0, 93.0, 1.0]",0.0,1821.0,0.0,,1.0,39195.0,985077.0,,,,,,,,,,,north-america,112492.0,,10432860.0,5.81,28488721680.8502,62.16,E,D+,20.2,,,,2730.6722874504403,13.451587622908573
Hong Kong,"['4.4', '4.3', '4.4', '4.2', '4.4', '4.3', '4.1', '4.2', '4.2', '4.3', '4.2', '4.0', '4.0', '4.1', '4.3', '3.9', '4.2', '3.8', '3.8', '4.0', '4.3', '4.2', '4.1', '4.2', '3.7', '4.0']","[3030.0, 6812.0, 7622.0, 615.0, 2298.0, 2922.0, 3322.0, 1528.0, 6073.0, 1517.0, 1739.0, 725.0, 610.0, 758.0, 3895.0, 332.0, 359.0, 482.0, 628.0, 126.0, 184.0, 1218.0, 651.0, 48.0, 289.0, 86.0]",1.0,,5.0,99.0,0.0,2962491.0,1007788.0,,,,,,,,,,,asia,1114.0,,7346100.0,4.0,368911387845.418,105.37,T,B+,51.2,395.0,415.0,410.0,50218.672199591354,
Hungary,"['4,5', '4,7', '4,7', '4,1', '4,6', '4,5', '4,6', '4,1', '4,8', '4,8', '4,4', '4,9', '4,9', '4,6', '4,3', '4,5', '4,4', '4,4', '4,6', '4,7', '4,2', '4,7', '4,7', '4,2', '4,5', '4,7', '4,6']","[11000.0, 13000.0, 8000.0, 19000.0, 1000.0, 6000.0, 7000.0, 3000.0, 2000.0, 15.0, 1000.0, 362.0, 1000.0, 916.0, 3000.0, 2000.0, 479.0, 651.0, 753.0, 588.0, 1000.0, 937.0, 1000.0, 1000.0, 497.0, 10000.0, 346.0]",15.0,1991.0,0.0,,1.0,584567.0,714420.0,2718.0,3212.0,2.4,0.8,,,,10.8,99.1,12.0,europe,93025.0,58754.0,9643048.0,5.0,182090041757.269,99.24,T,B,50.0,414.0,411.0,417.0,18883.037993512946,572.2132725306953
Iceland,"['4,5', '4,2', '4,5', '4,2', '4,3', '4,6', '4,5', '4,2', '4,4', '4,4', '4,2', '4,4', '4,2', '4,2', '4,6', '4,6', '4,4', '4,7', '4,1', '4,7', '4,5', '4,8', '4,4', '4,5', '4,9', '4,6', '4,4']","[3000.0, 3000.0, 8000.0, 2000.0, 834.0, 881.0, 728.0, 1000.0, 1000.0, 1000.0, 1000.0, 3000.0, 785.0, 639.0, 1000.0, 1000.0, 1000.0, 518.0, 535.0, 641.0, 1000.0, 195.0, 1000.0, 249.0, 166.0, 333.0, 357.0]",1.0,1944.0,0.0,,3.0,65424.0,43251.0,5100.0,2516.0,1.6,1.2,,,,10.0,,,europe,103000.0,4005.0,382003.0,7.73,25595940169.5879,98.26,T,B+,52.0,425.0,378.0,412.0,67004.55276421363,837.5569095526704
India,"['4.6', '4.5', '4.4', '4.6', '4.6', '4.3', '4.5', '4.4', '4.5', '4.3', '4.2', '4.4', '4.5', '4.6', '4.7', '4.5', '4.5', '4.6', '4.4', '4.4', '4.6', '4.5', '4.3', '4.4', '4.4', '4.3', '3.9']","[18000.0, 49000.0, 69000.0, 34000.0, 74000.0, 1000.0, 89000.0, 24000.0, 63000.0, 16000.0, 6000.0, 51000.0, 5000.0, 17000.0, 13000.0, 883.0, 906.0, 48000.0, 21000.0, 3000.0, 15000.0, 13000.0, 8000.0, 11000.0, 16000.0, 5000.0, 262.0]",10.0,1947.0,11.0,311.0,1.0,4878704.0,17869492.0,,,,,,,,,,,asia,3287263.0,,1417173173.0,4.64,3150306839142.13,76.24,T,C-,29.4,406.0,405.0,403.0,2222.9512237190297,28.86949641193545
Indonesia,"['4,7', '4,5', '4,5', '4,6', '4,3', '4,7', '4,6', '4,7', '4,5', '4,3', '4,7', '4,7', '4,7', '4,5', '4,6', '4,3', '4,6', '4,2', '4,6', '4,5', '4,6', '4,5', '4,4', '4,6', '4,7', '4,7', '3,2']","[1000.0, 157000.0, 19.0, 22000.0, 205.0, 9000.0, 263.0, 54000.0, 2000.0, 1000.0, 2000.0, 1000.0, 10000.0, 4000.0, 15000.0, 1000.0, 11000.0, 241.0, 14000.0, 3000.0, 1000.0, 3000.0, 376.0, 1000.0, 15000.0, 9000.0, 11.0]",0.0,1945.0,5.0,323.0,2.0,355505.0,4601369.0,,,,,,,,,,,asia,1904569.0,,275501339.0,3.05,1186505455736.54,78.49,T,D+,23.7,365.0,339.0,365.0,4306.713934833326,54.515366263712984
Iran,"[4.5, 4.6, 4.6, 4.5, 4.6, 4.6, 4.6, 4.5, 4.6, 4.6, 4.3, 4.2, 4.4, 4.4, 4.4, 4.4, 4.5, 4.7, 4.4, 4.4, 4.6, 4.6, 4.7, 4.5, 4.2, 4.1]","[2000.0, 64.0, 999.0, 293.0, 5000.0, 579.0, 331.0, 874.0, 1000.0, 3000.0, 418.0, 973.0, 945.0, 502.0, 250.0, 408.0, 835.0, 21.0, 651.0, 356.0, 1000.0, 742.0, 103.0, 309.0, 77.0, 352.0]",2.0,1477.0,4.0,380.0,1.0,2797235.0,1325113.0,,,,,,,,,,,asia,1648195.0,,88550570.0,,359096907772.985,80.01,T,C-,25.5,,,,4055.274943718431,7.413665345006272
Iraq,"[4.5, 4.1, 4.3, 4.4, 4.3, 4.3, 4.4, 4.4, 4.2, 4.4, 4.3, 4.1, 4.2, 4.0, 4.2, 3.9, 4.5, 4.6, 3.8]","[1000.0, 325.0, 327.0, 375.0, 165.0, 59.0, 457.0, 451.0, 502.0, 536.0, 171.0, 378.0, 291.0, 2.0, 152.0, 363.0, 948.0, 467.0, 85.0]",1.0,1932.0,0.0,,1.0,365766.0,2077976.0,,,,,,,,,,,asia,438317.0,,44496122.0,,207691599310.345,89.28,T,,,,,,4667.6337167168185,50.735149094748024
Ireland,[],[],11.0,1919.0,6.0,282.0,3.0,871256.0,734317.0,5415.0,2755.0,1.0,2.0,2.2,,,8.8,,,europe,,45015.0,5127170.0,2.98,513391778882.86,95.13,T,B+,53.6,,,,100131.60844732278,953.6343661649789
Israel,"['4.7', '4.2', '4.3', '4.7', '4.4', '4.5', '4.4', '4.5', '4.7', '4.8', '4.4', '4.8', '4.5', '4.8', '3.9', '4.5', '4.5', '4.5', '4.5', '4.5']","[16000.0, 1000.0, 399.0, 1000.0, 5000.0, 1000.0, 2000.0, 1000.0, 1000.0, 1000.0, 205.0, 15000.0, 3000.0, 19.0, 30.0, 15000.0, 233.0, 97.0, 125.0, 86.0]",13.0,1948.0,4.0,332.0,3.0,1953575.0,358691.0,5511.0,2929.0,,,,,,,,,asia,21937.0,,9557500.0,7.42,488526545878.891,92.43,T,B+,50.1,493.0,459.0,488.0,51114.46988008276,672.5588142116153
Italy,"['4,7', '4,6', '4,7', '4,6', '4,7', '4,7', '4,7', '4,6', '4,7', '4,6', '4,6', '4,6', '4,6', '4,7', '4,6', '4,7', '4,7', '4,6', '4,6', '4,7', '4,6', '4,7', '4,5', '4,6', '4,5', '4,8', '4,6']","[73000.0, 22000.0, 29000.0, 47000.0, 21000.0, 15000.0, 27000.0, 7559.0, 51000.0, 29000.0, 42000.0, 16000.0, 5011.0, 84000.0, 1089.0, 75000.0, 20000.0, 9145.0, 5815.0, 2774.0, 5634.0, 2209.0, 2604.0, 166000.0, 2329.0, 10000.0, 4996.0]",21.0,1945.0,14.0,317.0,3.0,6386998.0,3258831.0,4521.0,2970.0,2.0,0.8,,,,13.0,,,europe,302068.0,372383.0,58940425.0,4.13,2155360298998.03,94.23,T,B,48.0,479.0,501.0,504.0,36568.45533431478,462.8918396748706
Ivory Coast,"['3,9', '4,0', '3,8', '4,4', '3,9']","[764.0, 564.0, 565.0, 76.0, 8.0]",0.0,1958.0,0.0,,,2564857.0,1149298.0,,,,,,,,,,,africa,322462.0,,28160542.0,3.37,71811075955.078,58.16,E,,,,,,2550.0601499459067,38.637274999180406
Jamaica,"['4.1', '4.5', '4.0', '4.4', '4.3', '4.5', '4.1', '3.9', '4.4', '4.6', '5.0', '4.2', '4.0', '4.3', '4.5', '4.4', '4.6', '4.5', '4.2', '4.1', '5.0', '4.4', '4.4', '4.4', '4.4', '4.9', '4.0']","[59.0, 4000.0, 48.0, 638.0, 382.0, 148.0, 364.0, 7.0, 79.0, 86.0, 2.0, 117.0, 140.0, 120.0, 8.0, 8.0, 3000.0, 1000.0, 5.0, 16.0, 3.0, 43.0, 47.0, 47.0, 31.0, 176.0, 28.0]",0.0,1962.0,0.0,,3.0,23629.0,1118931.0,,,,,,,,,,,north-america,10991.0,,2827377.0,5.63,14657586127.0331,75.08,T,C-,26.7,,,,5184.164024476785,83.61554878188363
Japan,"['4.5', '4.3', '4.4', '4.3', '4.5', '4.5', '4.5', '3.8', '4.0', '4.6', '4.4', '4.7', '4.4', '4.3', '4.4', '4.4', '4.4', '4.5', '4.5', '4.4', '4.4', '4.2', '4.5', '4.5', '4.4', '4.4', '4.6']","[2000.0, 5816.0, 1000.0, 1000.0, 1000.0, 8105.0, 1000.0, 1000.0, 1722.0, 1000.0, 1327.0, 1000.0, 882.0, 76.0, 4201.0, 3209.0, 3456.0, 4587.0, 1000.0, 596.0, 9137.0, 1000.0, 8255.0, 556.0, 1000.0, 3309.0, 327.0]",29.0,1952.0,15.0,236.0,3.0,2770996.0,808825.0,4669.0,2669.0,,,,,,,,,asia,377915.0,678244.0,125124989.0,3.32,5034620784584.98,106.48,T,A-,58.9,389.0,359.0,380.0,40236.73308442793,558.843515061499
Jordan,"[4.7, 4.4, 4.7, 4.6, 4.4, 4.7, 4.4, 4.7, 4.2, 4.8, 4.6, 4.9, 4.5, 3.8, 4.2, 4.0, 4.6, 4.2, 4.3, 4.3, 4.4, 4.5, 4.6, 4.6, 4.3, 4.6, 4.0]","[7000.0, 434.0, 779.0, 2000.0, 136.0, 4000.0, 982.0, 2000.0, 186.0, 382.0, 672.0, 820.0, 976.0, 546.0, 2000.0, 319.0, 454.0, 5.0, 793.0, 504.0, 5000.0, 19000.0, 75.0, 102.0, 538.0, 379.0, 233.0]",0.0,1946.0,0.0,,0.0,3457691.0,814909.0,,,,,,,,,98.42,17.0,asia,89318.0,,11285869.0,3.22,46296100140.8451,80.7,T,C-,26.0,468.0,477.0,478.0,4102.129852902342,52.591408370542844
Kazakhstan,"['4,6', '4,3', '4,5', '4,6', '4,7', '4,6', '4,8', '4,7', '3,4', '4,9', '4,4', '4,7', '4,4', '4,6', '4,5', '4,4', '4,6', '4,7', '4,7']","[3000.0, 2000.0, 651.0, 342.0, 359.0, 252.0, 1000.0, 2000.0, 12.0, 9.0, 52.0, 157.0, 419.0, 1000.0, 1000.0, 156.0, 337.0, 1000.0, 235.0]",0.0,1991.0,3.0,355.0,1.0,3732073.0,4203899.0,,,,,,,,,,,asia,2724910.0,,19621972.0,4.39,197112255360.612,88.89,T,C+,35.1,,,,10045.486527073426,304.4086826385887
Kenya,[],[],1.0,1963.0,0.0,,1.0,1050147.0,535348.0,,,,,,,,,,,africa,580367.0,,54027487.0,4.59,109703658904.994,75.2,T,D,19.3,,,,2030.5156689037565,33.28714211317634
Kiribati,['4.0'],[1.0],0.0,1979.0,0.0,,,3126.0,5103.0,,,,,,,,,,,oceania,811.0,,131232.0,15.59,227610079.145208,83.96,E,,,366.0,349.0,369.0,1734.40989351079,38.54244207801756
Kuwait,"[4.1, 4.5, 4.5, 4.6, 4.3, 4.2, 4.4, 4.4, 4.9, 4.6, 4.6, 4.5, 4.0, 4.0, 4.4, 4.4, 4.3, 4.4, 4.2, 4.4, 4.3, 3.5, 4.2, 3.7]","[793.0, 190.0, 142.0, 5000.0, 49.0, 160.0, 359.0, 370.0, 20.0, 15000.0, 1000.0, 1000.0, 81.0, 47.0, 456.0, 85.0, 131.0, 116.0, 20.0, 8.0, 455.0, 4.0, 80.0, 74.0]",0.0,1991.0,0.0,,1.0,3110159.0,212271.0,,,,,,,,,,,asia,17818.0,,4268873.0,,137384258875.558,78.64,T,C-,29.8,338.0,373.0,368.0,32182.793649648982,975.2361712014844
Kyrgyzstan,[],[],0.0,,0.0,,1.0,199011.0,774377.0,,,,,,,,,,,asia,199949.0,,,6.53,,79.09,T,C-,27.2,391.0,408.0,408.0,,
Laos,[],[],0.0,1949.0,0.0,,0.0,48731.0,1296051.0,,,,,,,,,,,asia,236800.0,,7529475.0,1.86,18827148528.9934,80.99,T,D,18.8,355.0,347.0,356.0,2500.459664052726,33.33946218736968
Latvia,"['4,7', '4,3', '4,6', '4,4', '4,6', '4,6', '4,4', '4,8', '4,5', '4,6', '4,6', '4,6', '4,5', '4,4', '4,6', '4,5', '4,7', '4,7', '4,7', '4,7', '4,0', '4,6', '4,7', '4,6', '4,6', '4,5', '4,6']","[4000.0, 1000.0, 5000.0, 776.0, 3000.0, 1000.0, 2000.0, 9000.0, 1000.0, 1000.0, 1000.0, 90.0, 1000.0, 1000.0, 250.0, 248.0, 391.0, 278.0, 133.0, 11000.0, 689.0, 1000.0, 830.0, 34.0, 8000.0, 2000.0, 1000.0]",1.0,1918.0,0.0,,3.0,239422.0,380010.0,3506.0,2334.0,1.0,2.0,1.0,,,13.2,99.89,4.0,europe,64594.0,,1879383.0,5.7,39443126174.4335,94.79,T,B,45.8,489.0,489.0,499.0,20987.274107743608,197.99315195984536
Lebanon,"[4.6, 4.8, 4.6, 4.6, 4.4, 4.6, 4.5, 4.6, 4.5, 4.1, 4.7, 4.5, 4.7, 3.9, 4.7, 4.5, 3.8, 4.3, 4.5, 4.8, 4.7, 4.8, 5.0, 4.9, 4.0, 4.1, 4.8]","[2000.0, 620.0, 1000.0, 137.0, 451.0, 105.0, 703.0, 356.0, 132.0, 63.0, 71.0, 608.0, 84.0, 283.0, 141.0, 33.0, 172.0, 25.0, 4.0, 60.0, 1000.0, 4.0, 1.0, 267.0, 61.0, 16.0, 6.0]",1.0,1941.0,1.0,226.0,1.0,1712762.0,856814.0,,,,,,,,,,,asia,10452.0,,5489739.0,,23131941556.7843,81.7,T,D,19.8,472.0,477.0,484.0,4213.668729384822,50.767093125118336
Lesotho,"['4.2', '4.5', '4.0', '4.5', '2.8']","[34.0, 6.0, 8.0, 2.0, 4.0]",0.0,1966.0,0.0,,2.0,12060.0,202164.0,,,,,,,,,,,africa,30355.0,,2305825.0,7.51,2348771013.21241,68.87,E,D,16.1,414.0,419.0,432.0,1018.6250097958041,17.562500168893173
Liberia,['4.1'],[102.0],2.0,1847.0,0.0,,2.0,87947.0,233564.0,,,,,,,,,,,africa,111369.0,,5302681.0,2.53,3509000000.0,45.07,E,,,428.0,428.0,428.0,661.740730773735,3.7386481964617797
Libya,[],[],0.0,1951.0,0.0,,0.0,826537.0,185518.0,,,,,,,,,,,africa,1759540.0,,6812341.0,,39798423941.0335,80.92,T,,,,,,5842.106838314979,80.02886079883532
Liechtenstein,"['4.6', '4.3', '3.7', '4.3', '4.2', '4.3', '4.2', '4.4', '4.8', '4.5', '4.8', '4.7']","[280.0, 645.0, 64.0, 260.0, 17.0, 22.0, 18.0, 31.0, 11.0, 6.0, 9.0, 11.0]",0.0,1813.0,0.0,,,25877.0,3706.0,,,,,,,,,,,europe,160.0,,39327.0,,7710380085.92257,101.07,E,,,,,,196058.18104413178,929.1856921522833
Lithuania,"['4,5', '4,5', '4,6', '4,7', '4,8', '4,5', '4,5', '4,7', '4,3', '4,8', '4,7', '4,7', '4,7', '4,6', '4,6', '4,8', '4,7', '4,8', '4,4', '4,6', '4,7', '4,7', '4,5', '4,6', '4,7', '4,9', '4,6']","[1000.0, 245.0, 4000.0, 9000.0, 1000.0, 6000.0, 419.0, 14000.0, 1000.0, 494.0, 2000.0, 6000.0, 385.0, 3000.0, 2000.0, 2000.0, 8000.0, 183.0, 307.0, 377.0, 2000.0, 800.0, 166.0, 463.0, 596.0, 225.0, 1000.0]",3.0,1918.0,1.0,473.0,2.0,145184.0,658057.0,2576.0,5053.0,1.0,2.0,1.0,1.0,,12.0,99.83,6.0,europe,65286.0,,2831639.0,4.84,66798933785.7702,95.89,T,B,46.3,389.0,383.0,390.0,23590.20121765882,222.54906809112094
Luxembourg,"['4,6', '4,6', '4,6', '4,5', '4,2', '4,6', '4,5', '4,2', '4,4', '3,8', '4,8', '4,7', '4,4', '4,6', '4,9', '5,0', '4,3', '3,3']","[1000.0, 1000.0, 1000.0, 628.0, 2000.0, 307.0, 575.0, 342.0, 63.0, 6.0, 2000.0, 48.0, 413.0, 283.0, 15.0, 4.0, 114.0, 6.0]",2.0,1839.0,1.0,381.0,3.0,298062.0,81757.0,5544.0,2535.0,1.0,2.0,1.0,2.0,1.0,8.8,,,europe,2586.0,854.0,653103.0,4.64,85584105993.8746,99.87,E,B+,53.8,,,,131042.27969229141,708.336646985359
Macau,"['4,2', '4,3', '3,7', '4,0', '4,4', '4,2', '4,3', '4,3', '4,2', '3,9', '4,3', '4,3', '4,1', '4,3', '4,3', '3,8', '3,8', '4,0', '4,2']","[491.0, 248.0, 30.0, 470.0, 23.0, 183.0, 60.0, 179.0, 164.0, 9.0, 80.0, 100.0, 43.0, 1000.0, 3.0, 8.0, 8.0, 5.0, 1000.0]",0.0,,1.0,254.0,,403490.0,145192.0,,,,,,,,,,,,33.0,,695168.0,5.25,30969334705.0515,99.82,E,,,440.0,440.0,447.0,44549.42503833821,
Madagascar,"['3,3', '4,4', '3,3', '4,4', '3,6', '3,9', '3,7']","[33.0, 90.0, 4.0, 16.0, 63.0, 347.0, 30.0]",0.0,1958.0,0.0,,1.0,35563.0,193526.0,,,,,,,,,,,africa,587041.0,,29611714.0,3.2,14554754116.5427,76.79,E,D-,9.0,575.0,543.0,561.0,491.5201503210081,7.447275004863759
Malawi,"['3.9', '4.1', '4.5', '5.0']","[51.0, 43.0, 17.0, 1.0]",0.0,1964.0,0.0,,1.0,191362.0,311052.0,,,,,,,,,,,africa,118484.0,,20405317.0,,12602334121.6286,69.7,T,D-,10.7,464.0,447.0,462.0,617.6005068496902,10.29334178082817
Malaysia,"['4.3', '4.6', '4.7', '4.6', '4.5', '4.6', '4.5', '4.6', '4.3', '4.9', '4.6', '4.4', '4.5', '4.3', '4.5', '4.7', '4.4', '4.3', '4.1', '4.1', '4.2', '4.4', '4.1', '4.5', '4.4', '4.3', '4.7']","[12000.0, 1000.0, 4000.0, 4000.0, 233.0, 6000.0, 653.0, 4000.0, 2000.0, 450.0, 3000.0, 1000.0, 477.0, 1000.0, 612.0, 202.0, 1000.0, 274.0, 2000.0, 727.0, 4000.0, 77.0, 322.0, 1000.0, 816.0, 4000.0, 85.0]",0.0,1957.0,8.0,200.0,1.0,3476560.0,1860037.0,,,,,,,,,,,asia,329847.0,,33938221.0,4.27,373832428055.449,87.58,T,C+,35.5,485.0,469.0,500.0,11015.086148901233,164.4042708791229
Maldives,"['4.1', '3.8', '3.0', '5.0']","[388.0, 4.0, 2.0, 2.0]",0.0,1965.0,0.0,,2.0,70079.0,3715.0,,,,,,,,,97.86,20.0,asia,300.0,,523787.0,4.48,5254366310.44801,80.54,E,,,,,,10031.494310565193,170.02532729771514
Mali,"['4,1', '4,0', '4,2', '3,1', '3,4', '5,0', '4,3', '4,0', '4,4', '4,1', '3,9']","[1000.0, 132.0, 161.0, 11.0, 8.0, 1.0, 3.0, 259.0, 7.0, 2000.0, 321.0]",0.0,1959.0,0.0,,2.0,485829.0,1303511.0,,,,,,,,,,,africa,1240192.0,,22593590.0,4.36,19309463508.0377,59.76,T,D-,9.9,527.0,515.0,528.0,854.643441260893,13.14836063478297
Malta,[],[],0.0,1964.0,0.0,,2.0,114760.0,102793.0,,,,,,,,,94.94,25.0,europe,315.0,,531113.0,5.63,18087205251.3605,91.27,T,B-,40.8,473.0,474.0,485.0,34055.286259911736,567.5881043318623
Marshall Islands,['4.2'],[34.0],0.0,1986.0,0.0,,,3298.0,10886.0,,,,,,,,,,,oceania,181.0,,41569.0,,257784881.591797,83.96,T,,,,,,6201.373176929851,163.19403097183817
Mauritania,"['4.2', '3.3']","[131.0, 3.0]",0.0,1960.0,0.0,,1.0,182286.0,130226.0,,,,,,,,,66.96,37.0,africa,1030700.0,,4736139.0,1.75,9222536364.01272,59.76,E,D-,11.6,482.0,487.0,494.0,1947.268938688818,30.42607716701278
Mauritius,"['4.2', '4.6', '4.3', '4.9', '4.2', '4.4', '4.8', '4.5', '4.3', '4.2', '4.5', '4.4', '4.9', '3.9', '4.3', '3.8', '4.2', '4.2', '4.2', '4.5', '4.3', '3.0', '3.8', '4.3', '4.5', '4.2']","[903.0, 60.0, 314.0, 7.0, 276.0, 3000.0, 8.0, 1000.0, 265.0, 734.0, 132.0, 22.0, 19.0, 17.0, 285.0, 19.0, 43.0, 209.0, 634.0, 722.0, 48.0, 1.0, 53.0, 4.0, 13.0, 16.0]",0.0,1968.0,0.0,,2.0,28893.0,182973.0,,,,,,,,,92.15,31.0,africa,2040.0,,1262523.0,4.67,11484357947.9086,86.56,T,C,31.7,508.0,483.0,503.0,9096.355431076187,162.43491841207475
Mexico,"['4.8', '4.8', '4.5', '4.7', '4.8', '4.8', '4.5', '4.6', '4.5', '4.7', '4.8', '4.7', '4.8', '4.7', '4.4', '4.8', '4.7', '4.7', '4.5', '4.7', '4.6', '4.5', '4.6', '4.6', '4.5', '4.5', '4.7']","[74000.0, 22000.0, 38000.0, 14000.0, 165000.0, 9000.0, 9000.0, 15000.0, 25000.0, 8000.0, 56000.0, 15000.0, 31000.0, 13000.0, 1000.0, 76000.0, 7000.0, 20000.0, 6000.0, 8000.0, 14000.0, 4000.0, 3000.0, 6000.0, 6000.0, 6000.0, 598.0]",3.0,1821.0,2.0,138.0,2.0,1197624.0,11185737.0,,,,,,,,,,,north-america,1964375.0,498441.0,127504125.0,,1312557512901.28,87.73,T,C,30.7,547.0,515.0,537.0,10294.235679836083,50.71052059032554
Micronesia,"['4.1', '4.4', '4.6', '3.5', '5.0', '4.3', '4.3']","[7.0, 49.0, 263.0, 2.0, 1.0, 7.0, 354.0]",0.0,,0.0,,,2832.0,24945.0,,,,,,,,,,,oceania,,,114164.0,,406000000.0,83.96,E,,,,,,3556.2874461301285,
Moldova,"['4,6', '4,7', '4,6', '4,9', '4,6', '4,8', '4,8', '4,8', '4,8', '4,9', '4,6', '4,7', '4,7', '4,8', '4,7', '4,6', '4,4', '4,7', '4,6', '5,0', '4,6', '4,8', '4,3', '4,5', '4,2']","[2000.0, 2000.0, 411.0, 32.0, 1000.0, 44.0, 110.0, 930.0, 183.0, 8.0, 1000.0, 4000.0, 80.0, 113.0, 1000.0, 52.0, 5.0, 1000.0, 85.0, 9.0, 34.0, 191.0, 154.0, 49.0, 35.0]",0.0,1991.0,0.0,,2.0,104438.0,1159443.0,,,,,,,,,99.6,8.0,europe,33847.0,,2538894.0,5.82,13692230147.0588,89.98,E,C,31.5,,,,5392.990076410752,163.42394170941674
Mongolia,"['4.4', '4.4', '4.4', '4.2', '4.3', '4.4', '4.3', '4.2', '4.5', '4.4', '4.3', '4.4', '4.4', '4.7', '4.5', '4.6', '4.2', '4.5', '4.8', '4.6', '4.8', '4.0', '1.0', '5.0']","[1000.0, 511.0, 1000.0, 590.0, 185.0, 184.0, 171.0, 41.0, 449.0, 317.0, 243.0, 25.0, 572.0, 120.0, 58.0, 72.0, 72.0, 2000.0, 12.0, 28.0, 4.0, 62.0, 1.0, 2.0]",0.0,1911.0,0.0,,2.0,21345.0,82098.0,,,,,,,,,,,asia,1564116.0,,3398366.0,3.34,15286441737.6686,91.03,T,C-,27.4,394.0,379.0,409.0,4498.174045311364,39.80684995850765
Montenegro,"['4,6', '4,4', '4,6', '4,3', '4,7', '4,3', '4,4', '4,5', '4,6', '4,7', '4,7', '4,7', '4,3', '4,7', '4,7', '4,2', '4,6', '2,0']","[287.0, 17.0, 187.0, 469.0, 159.0, 154.0, 667.0, 320.0, 2000.0, 15.0, 224.0, 48.0, 606.0, 43.0, 2000.0, 869.0, 1000.0, 1.0]",0.0,2006.0,0.0,,1.0,70999.0,132965.0,,,,,,,,,98.98,14.0,europe,13812.0,,617213.0,,5861427505.12493,85.78,E,C,34.6,,,,9496.604097977408,527.5891165543004
Morocco,"['4,0', '4,3', '4,5', '4,6', '4,3', '4,5', '4,4', '4,1', '4,5', '4,6', '4,3', '4,6', '4,4', '4,3', '4,3', '4,4', '4,3', '4,2', '4,5', '4,5', '4,2', '4,2', '4,4', '4,3', '4,0', '4,5']","[1000.0, 297.0, 1000.0, 982.0, 502.0, 320.0, 823.0, 348.0, 2000.0, 45.0, 164.0, 868.0, 95.0, 4000.0, 147.0, 223.0, 1000.0, 397.0, 977.0, 333.0, 3000.0, 153.0, 1000.0, 164.0, 353.0, 247.0]",1.0,1956.0,0.0,,0.0,102358.0,3262222.0,,,,,,,,,,,africa,446550.0,,37457971.0,5.6,141817797083.468,67.03,T,D+,22.6,,,,3786.0512274802068,55.67722393353245
Mozambique,"['4,4', '3,9', '4,1', '4,2', '4,5', '3,8', '5,0', '4,0', '3,7', '4,5', '3,8', '4,1']","[141.0, 498.0, 388.0, 222.0, 157.0, 86.0, 1.0, 9.0, 106.0, 155.0, 5.0, 1000.0]",0.0,1975.0,0.0,,1.0,338850.0,640160.0,,,,,,,,,,,africa,799380.0,,32969518.0,7.03,16168056388.9101,72.5,E,D-,10.9,453.0,456.0,476.0,490.394078218253,10.008042412617408
Myanmar,"['4,2', '4,3', '4,6', '4,2', '4,4', '4,1', '4,8', '3,9', '3,7', '4,0', '4,0', '4,0', '4,1', '4,0', '4,0', '4,3', '3,7', '3,7', '4,3', '4,0']","[1000.0, 473.0, 175.0, 571.0, 11.0, 78.0, 15.0, 34.0, 40.0, 113.0, 35.0, 4.0, 267.0, 3.0, 127.0, 83.0, 3.0, 69.0, 3.0, 12.0]",1.0,,0.0,,1.0,76446.0,3711751.0,,,,,,,,,,,asia,676578.0,,54179306.0,,66262813093.4824,91.18,E,,,,,,1223.028089239135,
Namibia,"['4.1', '4.4', '4.6', '4.0', '4.5', '3.8', '4.6', '4.3', '4.1', '4.5', '4.4', '4.2', '4.3', '3.9', '3.9', '1.0', '4.0', '4.2', '4.5', '3.7', '2.4']","[570.0, 848.0, 25.0, 4.0, 265.0, 29.0, 100.0, 11.0, 43.0, 2.0, 63.0, 19.0, 56.0, 37.0, 19.0, 1.0, 11.0, 43.0, 2.0, 126.0, 5.0]",0.0,1990.0,0.0,,2.0,109391.0,47770.0,,,,,,,,,92.25,30.0,africa,824292.0,,2567012.0,10.03,12446290854.8973,66.19,T,D,18.9,,,,4848.551878564378,142.60446701659936
Nepal,"[4.2, 4.6, 4.6, 4.4, 4.2, 4.4, 4.2, 4.3, 4.6, 4.6, 4.3, 4.5, 4.2, 5.0, 4.2, 4.4, 4.2, 4.1, 4.3, 4.4, 4.2, 4.0, 4.2, 2.5]","[1000.0, 1000.0, 305.0, 4000.0, 745.0, 4000.0, 236.0, 580.0, 37.0, 221.0, 29.0, 2.0, 172.0, 2.0, 38.0, 63.0, 129.0, 7.0, 454.0, 160.0, 23.0, 1000.0, 33.0, 6.0]",0.0,1768.0,0.0,,2.0,487564.0,2599701.0,,,,,,,,,71.15,36.0,asia,147181.0,,30547580.0,3.96,36924841428.7182,42.99,T,D,18.3,431.0,417.0,432.0,1208.7648654563864,4.721737755689009
Netherlands,"['4,6', '4,3', '4,6', '4,5', '4,6', '4,5', '4,5', '4,7', '4,5', '4,4', '4,4', '4,3', '4,7', '4,6', '4,5', '4,6', '4,8', '4,5', '4,3', '4,5', '4,5', '4,4', '4,5', '4,5', '4,4', '4,6', '4,4']","[90000.0, 5000.0, 83000.0, 10000.0, 17000.0, 64000.0, 30000.0, 14000.0, 12000.0, 7000.0, 13000.0, 25000.0, 3000.0, 6000.0, 2000.0, 8000.0, 9000.0, 9000.0, 19000.0, 6000.0, 13000.0, 9000.0, 14000.0, 6000.0, 5000.0, 1000.0, 3000.0]",22.0,1945.0,13.0,168.0,3.0,2358333.0,970403.0,5640.0,3000.0,1.0,2.0,1.0,1.0,,6.2,,,europe,41865.0,150893.0,17700982.0,5.14,1029678338329.44,100.74,T,A-,58.7,489.0,494.0,500.0,58170.690096709885,736.3378493254415
New Caledonia,"['4,3', '4,4', '4,5', '3,9', '4,6', '4,5', '4,2', '4,8', '4,2']","[86.0, 668.0, 112.0, 9.0, 121.0, 4.0, 32.0, 11.0, 70.0]",0.0,,0.0,,,73141.0,5839.0,,,,,,,,,,,,18575.0,,269220.0,,10071349663.8484,93.92,E,,,465.0,504.0,499.0,37409.36655467053,
New Zealand,"['4.7', '4.7', '4.6', '4.6', '4.6', '4.6', '4.7', '4.8', '4.4', '4.7', '4.6', '4.7', '4.7', '4.5', '4.6', '4.8', '4.4', '4.7', '4.4', '4.7', '4.5', '4.8', '4.5', '4.4', '4.5', '4.6', '4.5']","[22000.0, 12000.0, 2000.0, 4000.0, 2000.0, 242.0, 1000.0, 1000.0, 3000.0, 2000.0, 447.0, 3000.0, 1000.0, 1000.0, 5000.0, 724.0, 1000.0, 698.0, 1000.0, 1000.0, 883.0, 2000.0, 1000.0, 672.0, 291.0, 406.0, 50.0]",3.0,1907.0,8.0,254.0,3.0,1381724.0,806159.0,,,2.2,2.0,2.0,,,6.4,,,oceania,268838.0,50116.0,5124100.0,5.54,255551704625.831,98.57,T,A-,57.3,409.0,430.0,435.0,49872.50534256377,426.26072942362197
Nicaragua,"['4.7', '4.3', '4.5', '4.1', '4.4', '3.7', '4.6', '4.5', '4.6', '4.3', '4.5', '4.3', '4.2', '4.1', '4.4', '3.5', '4.4', '4.5', '5.0', '4.8', '4.3', '4.3', '4.5', '5.0', '5.0', '4.2']","[382.0, 98.0, 876.0, 472.0, 178.0, 6.0, 1000.0, 154.0, 333.0, 107.0, 373.0, 16.0, 114.0, 221.0, 28.0, 8.0, 117.0, 263.0, 7.0, 5.0, 3.0, 43.0, 2.0, 2.0, 1.0, 5.0]",0.0,1821.0,0.0,,1.0,42167.0,718154.0,,,,,,,,,,,north-america,130373.0,,6948392.0,4.09,14145880399.1935,52.69,T,D+,22.5,364.0,336.0,355.0,2035.8495029056364,10.02881528524944
Niger,"['3,8', '3,6', '3,8']","[1000.0, 23.0, 57.0]",0.0,1958.0,0.0,,2.0,348056.0,399707.0,,,,,,,,,,,africa,1267000.0,,26207977.0,3.82,14915002435.9913,70.82,E,,,,,,569.1016302399571,8.622751973332683
Nigeria,"['3.9', '3.9', '4.2', '4.0', '3.9', '4.5', '4.7', '4.9', '4.4', '3.8', '4.1', '3.8', '3.7', '4.3', '3.9', '4.5', '3.5', '4.4', '4.3', '3.8', '4.3', '4.0', '4.2', '5.0', '4.3']","[1000.0, 1000.0, 573.0, 283.0, 511.0, 13.0, 6000.0, 116.0, 383.0, 120.0, 620.0, 18.0, 39.0, 1000.0, 281.0, 142.0, 12.0, 90.0, 251.0, 627.0, 380.0, 1.0, 222.0, 3.0, 4.0]",1.0,1960.0,0.0,,2.0,1308568.0,1670455.0,,,,,,,,,,,africa,923768.0,,218541212.0,,440838992188.478,67.76,T,D-,13.9,469.0,462.0,472.0,2017.189289626883,31.518582650420047
North Korea,"['5.0', '4.6', '4.4']","[1.0, 1000.0, 3000.0]",0.0,1948.0,0.0,,0.0,49549.0,110377.0,,,,,,,,,,,asia,120538.0,,,,,98.82,E,,,,,,,
North Macedonia,"['4,0', '4,1', '4,4', '4,2', '4,3', '4,4', '4,3', '4,7', '4,4', '4,6', '4,6', '4,6', '4,8', '4,7', '4,3', '5,0', '4,6', '4,3', '4,7', '4,7', '4,1']","[138.0, 1000.0, 858.0, 422.0, 96.0, 2000.0, 533.0, 66.0, 321.0, 2000.0, 3000.0, 320.0, 1000.0, 72.0, 216.0, 5.0, 320.0, 119.0, 26.0, 92.0, 235.0]",1.0,,0.0,,2.0,131311.0,693896.0,,,,,,,,,,,europe,25713.0,,2057679.0,,13998355971.3044,81.91,E,C-,28.3,,,,6802.983347404721,
Northern Mariana Islands,['4.4'],[70.0],0.0,,0.0,,,21843.0,2741.0,,,,,,,,,,,,457.0,,49551.0,,858000000.0,81.36,E,,,,,,17315.493128292062,
Norway,"['4,6', '4,3', '4,6', '4,1', '4,6', '4,5', '4,6', '4,7', '4,4', '4,4', '4,5', '4,3', '4,6', '4,5', '4,3', '4,6', '4,4', '4,3', '4,5', '4,7', '4,4', '4,3', '4,4', '4,4', '4,2', '4,4', '4,5']","[5000.0, 11000.0, 9000.0, 2000.0, 632.0, 6000.0, 3000.0, 10000.0, 928.0, 3000.0, 1000.0, 4000.0, 3000.0, 4000.0, 448.0, 267.0, 1000.0, 511.0, 1000.0, 103.0, 445.0, 82.0, 3000.0, 12000.0, 463.0, 287.0, 1000.0]",14.0,1945.0,3.0,230.0,3.0,852238.0,191392.0,5272.0,2622.0,0.8,1.8,1.0,1.2,,7.0,,,europe,386224.0,40107.0,5457127.0,5.04,503367986030.268,97.13,T,B+,55.0,,,,92240.4748927903,1167.6009480100038
Oman,"[4.6, 4.4, 4.8, 4.4, 4.4, 4.5, 4.0, 4.4, 4.2, 4.4, 4.0, 4.7, 4.2, 4.0, 4.1, 4.4, 4.1, 4.2]","[3000.0, 1000.0, 2000.0, 1000.0, 254.0, 113.0, 85.0, 414.0, 488.0, 182.0, 533.0, 210.0, 163.0, 787.0, 228.0, 124.0, 447.0, 17.0]",0.0,1605.0,1.0,454.0,0.0,2372836.0,25099.0,,,,,,,,,,,asia,309500.0,,4576298.0,,88191977373.212,78.7,T,C-,27.1,,,,19271.467324289635,45.99395542789889
Pakistan,"['4.3', '4.5', '4.5', '4.6', '4.4', '4.4', '4.6', '4.5', '4.8', '4.4', '4.3', '4.3', '4.7', '4.8', '4.7', '4.3', '4.6', '4.6', '4.4', '4.1', '4.1', '4.2', '4.5', '4.4', '4.4']","[1000.0, 4000.0, 8000.0, 13000.0, 12000.0, 4000.0, 25000.0, 678.0, 371.0, 1000.0, 1000.0, 2000.0, 1000.0, 3000.0, 1000.0, 896.0, 8000.0, 1000.0, 796.0, 455.0, 84.0, 1000.0, 766.0, 230.0, 482.0]",2.0,1947.0,2.0,341.0,1.0,3276580.0,6328400.0,,,,,,,,,,,asia,882363.0,,235824862.0,1.69,348516647445.148,80.0,T,D,19.6,,,,1477.8621918377207,19.193015478411958
Palestine,"[4.3, 4.8, 4.4, 4.5, 4.3, 4.6, 4.4, 4.7, 4.7, 4.5, 4.7]","[386.0, 49.0, 132.0, 440.0, 270.0, 717.0, 36.0, 6.0, 15.0, 4.0, 7.0]",1.0,,0.0,,0.0,272784.0,4022791.0,,,,,,,,,,,asia,,,,5.43,,77.69,T,,,,,,,
Panama,"['4.6', '4.9', '4.6', '4.5', '4.5', '4.7', '4.7', '4.7', '4.6', '4.6', '4.5', '3.9', '4.6', '4.2', '4.9', '4.7', '4.3', '2.9', '3.0']","[2000.0, 375.0, 8000.0, 302.0, 202.0, 904.0, 327.0, 31.0, 71.0, 1000.0, 157.0, 58.0, 394.0, 34.0, 40.0, 167.0, 76.0, 12.0, 2.0]",0.0,1821.0,0.0,,2.0,313165.0,139520.0,,,,,,,,,,,north-america,75320.0,,4408581.0,3.27,67406738100.0,79.0,E,C-,28.8,,,,15289.894435420376,75.31967702177525
Papua New Guinea,"['4.4', '4.1', '4.1', '3.9', '4.6']","[188.0, 13.0, 40.0, 14.0, 18.0]",0.0,1973.0,0.0,,1.0,31068.0,4810.0,,,,,,,,,,,oceania,462840.0,,10142619.0,,26113333244.5115,78.49,E,,,,,,2574.61443089911,50.482635899982554
Paraguay,"['4,6', '4,5', '4,3', '4,6', '4,5', '4,6', '4,3', '4,5', '4,4', '4,8', '4,6', '4,6', '4,5', '4,1', '4,7', '4,8', '3,7', '4,2', '4,8', '4,5', '4,9', '4,2', '4,4', '4,6', '4,7', '4,7', '4,5']","[1000.0, 454.0, 29.0, 262.0, 365.0, 215.0, 149.0, 182.0, 71.0, 146.0, 363.0, 78.0, 225.0, 9.0, 158.0, 19.0, 21.0, 5.0, 17.0, 14.0, 63.0, 6000.0, 94.0, 744.0, 30.0, 416.0, 116.0]",0.0,1811.0,0.0,,2.0,169567.0,896484.0,,,,,,,,,,,south-america,406752.0,,6780744.0,3.41,39950899938.7482,84.04,E,D+,24.5,,,,5891.816582184521,27.66111071448132
Peru,"['4.0', '4.6']","[2000.0, 75.0]",1.0,1821.0,1.0,336.0,2.0,1224519.0,1519635.0,,,,,,,,,,,south-america,1285216.0,,34049588.0,3.97,223717799056.526,81.44,T,C-,28.0,,,,6570.352600346471,32.366268967223995
Philippines,"['4.7', '4.7', '4.7', '4.6', '4.4', '4.4', '4.7', '4.7', '4.4', '4.6', '4.5', '4.7', '4.5', '4.5', '4.4', '4.3', '4.6', '4.4', '4.5', '4.7', '4.2', '4.7', '4.2', '5.0', '4.2', '4.5', '4.0']","[7000.0, 4000.0, 1000.0, 1000.0, 2000.0, 224.0, 182.0, 142.0, 877.0, 995.0, 3000.0, 3000.0, 594.0, 470.0, 424.0, 808.0, 221.0, 348.0, 715.0, 116.0, 717.0, 91.0, 369.0, 72.0, 188.0, 147.0, 5.0]",1.0,1935.0,1.0,404.0,1.0,225525.0,6094307.0,,,,,,,,,,,asia,300000.0,,115559009.0,3.88,394087359844.049,81.64,T,C-,26.6,,,,3410.269465395372,38.31763444264463
Poland,"['4,6', '4,6', '4,7', '4,7', '4,8', '4,7', '4,6', '4,8', '4,5', '4,7', '4,7', '4,7', '4,8', '4,8', '4,6', '4,7', '4,5', '4,3', '4,8', '4,8', '4,6', '4,8', '4,7', '4,6', '4,9', '4,6', '3,5']","[18000.0, 18000.0, 34000.0, 25000.0, 7000.0, 42000.0, 52000.0, 891.0, 7000.0, 737.0, 14000.0, 50000.0, 2000.0, 3000.0, 902.0, 20000.0, 11000.0, 901.0, 2000.0, 5000.0, 25000.0, 7000.0, 390.0, 4000.0, 2000.0, 4000.0, 149.0]",18.0,966.0,2.0,283.0,2.0,817254.0,4825096.0,2230.0,3015.0,1.2,2.0,0.8,,,9.8,99.8,7.0,europe,312685.0,634977.0,36821749.0,4.94,681346136411.701,96.35,T,B,45.6,,,,18503.904755086485,17.489513001026925
Portugal,"['4,6', '4,6', '4,7', '4,5', '4,6', '4,5', '4,7', '4,4', '4,7', '4,4', '4,6', '4,7', '4,6', '4,7', '4,6', '4,3', '4,8', '4,2', '4,8', '4,8', '4,6', '4,6', '4,4', '4,5', '4,0', '4,5']","[8000.0, 6000.0, 15000.0, 6000.0, 13000.0, 11000.0, 694.0, 5000.0, 1000.0, 5000.0, 2000.0, 7000.0, 2000.0, 2000.0, 2000.0, 21000.0, 6000.0, 7000.0, 1000.0, 103.0, 2000.0, 880.0, 4000.0, 3000.0, 1000.0, 17000.0]",2.0,1139.0,5.0,323.0,3.0,1001963.0,2081419.0,5245.0,2455.0,2.2,0.6,2.0,,,10.2,96.78,23.0,europe,92225.0,94209.0,10409704.0,4.71,255534839405.899,92.77,T,B-,44.8,,,,24547.75269363077,27.737573665119513
Puerto Rico,"['4.7', '4.6', '4.6', '4.6', '4.7', '4.5', '4.5', '4.7', '4.8', '4.7', '4.7', '4.7', '4.6', '4.6', '4.6', '4.7', '4.7', '4.6', '4.7', '4.5', '4.5', '4.6', '4.7', '4.7', '4.4', '4.6']","[2000.0, 559.0, 765.0, 559.0, 2000.0, 300.0, 383.0, 1000.0, 118.0, 48.0, 126.0, 186.0, 3000.0, 1000.0, 241.0, 163.0, 162.0, 51.0, 165.0, 55.0, 137.0, 196.0, 5000.0, 100.0, 234.0, 1000.0]",0.0,,0.0,,,247132.0,1850529.0,,,,,,,,,92.4,29.0,north-america,9104.0,,3221789.0,,106368900000.0,81.99,T,,,,,,33015.47680496767,
Qatar,"[4.7, 4.7, 4.3, 4.6, 4.8, 4.6, 4.4, 4.6, 4.5, 4.8, 4.2, 4.4, 4.5, 4.7, 4.7, 4.3, 4.3, 4.2, 3.5, 4.3]","[15000.0, 13000.0, 698.0, 200.0, 1000.0, 1000.0, 1000.0, 1000.0, 423.0, 327.0, 114.0, 881.0, 1000.0, 77.0, 6.0, 54.0, 229.0, 13.0, 13.0, 6.0]",0.0,1971.0,2.0,242.0,0.0,2226192.0,25705.0,,,,,,,,,,,asia,11586.0,,2695122.0,,179732009554.846,80.78,T,C,31.3,,,,66687.8937409312,1258.2621460553057
Republic of the Congo,"['4,1', '4,6', '4,3']","[230.0, 38.0, 87.0]",0.0,1884.0,0.0,,,387606.0,223767.0,,,,,,,,,80.61,34.0,africa,342000.0,,5970424.0,3.67,14825708810.7046,62.97,T,,,,,,2483.1919492995135,17.73708535213938
Romania,"['4,4', '4,6', '4,7', '4,6', '4,4', '4,6', '4,7', '4,6', '4,8', '4,7', '4,8', '4,9', '5,0', '4,9', '4,4', '4,8', '4,5', '4,4', '4,9', '4,5', '4,4', '4,7', '4,8', '4,5', '4,9', '4,7']","[6000.0, 8000.0, 18000.0, 10000.0, 6000.0, 5000.0, 389.0, 2000.0, 14000.0, 11000.0, 12000.0, 57.0, 350.0, 743.0, 3000.0, 3000.0, 484.0, 1000.0, 3000.0, 20000.0, 91000.0, 964.0, 719.0, 2000.0, 538.0, 1000.0]",4.0,1877.0,0.0,,2.0,705310.0,3987093.0,3600.0,4002.0,1.0,2.2,1.0,1.6,,11.0,98.9,15.0,europe,238398.0,,19047009.0,3.25,285810244501.933,86.88,T,C+,39.4,,,,15005.518425592858,102.07835663668611
Russia,"['4,8', '4,8', '4,8', '4,8', '4,7', '4,8', '4,8', '4,8', '4,5', '4,6', '4,7', '4,8', '4,8', '4,7', '4,9', '4,4', '4,8', '4,8', '4,8', '4,7', '4,8', '4,8', '4,9', '4,8', '4,7', '4,8', '4,8']","[16000.0, 58000.0, 30000.0, 17000.0, 7000.0, 55000.0, 17000.0, 14000.0, 2000.0, 2000.0, 14000.0, 59000.0, 3000.0, 17000.0, 54000.0, 4000.0, 49000.0, 80000.0, 45000.0, 12000.0, 28000.0, 11000.0, 48000.0, 24000.0, 13000.0, 11000.0, 7000.0]",30.0,1480.0,11.0,368.0,1.0,11636911.0,10756697.0,,,,,,,,,99.93,3.0,europe,17098246.0,,144236933.0,,1836892075547.52,96.29,T,B,46.6,,,,12735.240810670315,23.410369137261608
Rwanda,"['4,4']",[577.0],0.0,1962.0,0.0,,1.0,513907.0,492489.0,,,,,,,,,75.9,35.0,africa,26338.0,,13776698.0,5.59,11054517345.7109,69.95,E,D-,9.9,,,,802.4068863025741,12.942046553267325
Saint Kitts and Nevis,"['4.4', '4.6', '4.8', '4.6', '3.5']","[110.0, 64.0, 151.0, 21.0, 6.0]",0.0,,0.0,,,7725.0,50285.0,,,,,,,,,,,,261.0,,47657.0,,858592592.592592,70.48,E,,,,,,18016.085624201944,
Saint Lucia,"['4.0', '4.2', '5.0', '4.6', '4.0', '4.2', '4.7', '4.2', '4.8', '4.5', '4.0', '5.0', '4.7', '5.0', '4.0', '5.0']","[6.0, 14.0, 1.0, 13.0, 26.0, 47.0, 3.0, 144.0, 10.0, 2.0, 2.0, 2.0, 9.0, 5.0, 1.0, 1.0]",2.0,,0.0,,,8338.0,71227.0,,,,,,,,,,,,616.0,,179857.0,,1961111111.11111,73.68,E,,,,,,10903.724131455045,
Saint Vincent and the Grenadines,"['4.8', '3.9']","[19.0, 154.0]",0.0,,0.0,,,,,,,,,,,,,,,,389.0,,103948.0,,872222222.222222,63.42,T,,,,,,8390.947610557412,
Samoa,"['3.7', '4.7']","[32.0, 107.0]",0.0,1962.0,0.0,,,4021.0,135732.0,,,,,,,,,99.1,13.0,oceania,2842.0,,222382.0,,843923638.733018,83.96,E,,,,,,3794.927821195142,61.20851324508293
Sao Tome and Principe,"['3,9', '4,2', '3,0', '4,1', '4,3']","[7.0, 138.0, 1.0, 74.0, 171.0]",0.0,1975.0,0.0,,2.0,2139.0,39608.0,,,,,,,,,,,,,,227380.0,5.52,524402450.755612,65.22,E,,,,,,2306.282218117741,47.06698404321921
Saudi Arabia,"[4.5, 4.6, 4.4, 4.5, 4.6, 4.3, 4.5, 4.4, 4.6, 4.4, 4.4, 4.1, 4.5, 4.5, 4.2, 4.5, 4.3, 4.3, 4.2, 4.6, 4.2, 4.8, 4.3, 4.2, 4.3, 4.4]","[14000.0, 4000.0, 1000.0, 4000.0, 5000.0, 6000.0, 1000.0, 1000.0, 1000.0, 1000.0, 217.0, 300.0, 201.0, 502.0, 67.0, 1000.0, 481.0, 1000.0, 125.0, 1000.0, 10000.0, 5.0, 2000.0, 102.0, 1000.0, 7000.0]",0.0,1927.0,3.0,175.0,0.0,13454842.0,299268.0,,,,,,,,,,,asia,2149690.0,,36408820.0,,874156115900.131,76.36,T,C,30.2,,,,24009.460232441783,247.52020858187404
Senegal,"['3,9', '4,4', '4,3', '4,4', '4,3', '5,0', '4,0', '4,9', '3,9', '4,2', '4,2', '4,5', '4,3', '5,0', '4,8', '4,2', '4,3']","[391.0, 2000.0, 57.0, 1000.0, 88.0, 2.0, 60.0, 85.0, 55.0, 480.0, 93.0, 135.0, 177.0, 1.0, 18.0, 51.0, 7.0]",0.0,1959.0,0.0,,2.0,274929.0,693765.0,,,,,,,,,,,africa,196712.0,,17316449.0,5.59,27569136729.9023,77.37,E,D-,13.2,,,,1592.0779560464332,24.493507016098974
Serbia,"['4,7', '4,5', '4,6', '4,5', '4,7', '4,3', '4,7', '4,6', '4,6', '4,5', '4,7', '4,6', '4,7', '4,6', '4,5', '4,7', '4,7', '4,7', '4,8', '4,6', '4,7', '4,7', '4,3', '4,6', '4,4', '4,5', '4,5']","[6000.0, 1000.0, 374.0, 2000.0, 1000.0, 14000.0, 2000.0, 3000.0, 1000.0, 6000.0, 494.0, 3000.0, 89.0, 268.0, 259.0, 188.0, 138.0, 79.0, 346.0, 943.0, 512.0, 1000.0, 48.0, 459.0, 1000.0, 439.0, 1000.0]",0.0,1945.0,0.0,,1.0,823011.0,1003962.0,,,,,,,,,,,europe,88499.0,,6664449.0,3.3,63101069561.2193,89.6,T,C+,35.2,,,,9468.310067526858,119.85202617122604
Seychelles,"['4,4', '4,3', '4,6']","[107.0, 115.0, 7.0]",0.0,1976.0,0.0,,3.0,13050.0,29258.0,,,,,,,,,,,africa,457.0,,119878.0,5.62,1286687308.25807,78.76,T,,,,,,10733.306430354778,223.6105506323912
Sierra Leone,"['4.1', '4.1', '3.9']","[51.0, 63.0, 27.0]",0.0,1961.0,0.0,,2.0,53746.0,152486.0,,,,,,,,,,,africa,72300.0,,8605718.0,9.44,4249234704.01866,45.07,T,,,,,,493.76875979652834,7.837599361849656
Singapore,"['5.0', '4.6', '4.5', '4.6', '4.6', '4.5', '4.4', '4.6', '4.6', '4.4', '4.5', '4.4', '4.7', '4.5', '4.8', '4.4', '4.6', '4.5', '4.0', '4.4', '4.5', '4.6', '3.9', '4.9', '4.4', '4.4', '4.4', '4.3']","[5.0, 13000.0, 14000.0, 14000.0, 5000.0, 1000.0, 1000.0, 2000.0, 580.0, 6000.0, 654.0, 5000.0, 5000.0, 4000.0, 428.0, 526.0, 2000.0, 1000.0, 3000.0, 9000.0, 527.0, 291.0, 28.0, 900.0, 821.0, 1000.0, 2000.0, 1000.0]",0.0,1959.0,3.0,154.0,1.0,2523648.0,348464.0,,,,,,,,,,,asia,733.0,,5637022.0,2.83,423797100521.555,105.89,T,A,63.6,,,,75181.02652811272,1156.6311773555803
Slovakia,"['4,4', '4,5', '4,3', '4,5', '4,8', '4,6', '4,2', '4,6', '4,6', '4,6', '4,9', '4,8', '4,8', '4,7', '4,2', '4,5', '4,5', '4,6', '4,4', '4,6', '4,5', '4,7', '4,5', '4,7', '4,7', '4,5', '4,6']","[1000.0, 1000.0, 196.0, 1000.0, 3000.0, 381.0, 284.0, 298.0, 676.0, 2000.0, 1000.0, 4000.0, 290.0, 1000.0, 1000.0, 531.0, 857.0, 475.0, 207.0, 1000.0, 464.0, 156.0, 111.0, 689.0, 334.0, 1000.0, 994.0]",0.0,1993.0,0.0,,3.0,197161.0,419651.0,2707.0,4117.0,2.2,1.0,0.8,,,9.0,,,europe,49035.0,71551.0,5431752.0,4.4,118576482542.583,96.32,T,B-,43.6,,,,21830.24603159036,704.2014848900116
Slovenia,"['4,5', '4,6', '4,5', '4,6', '4,7', '4,6', '4,7', '4,7', '4,7', '4,5', '4,4', '4,8', '4,7', '4,8', '4,6', '4,6', '4,2', '4,4', '4,4', '4,7', '4,7', '4,1', '4,9', '4,7', '4,4', '4,7', '4,6']","[1000.0, 184.0, 787.0, 1000.0, 2000.0, 818.0, 2000.0, 786.0, 303.0, 726.0, 822.0, 3000.0, 795.0, 97.0, 135.0, 216.0, 46.0, 116.0, 479.0, 183.0, 1000.0, 109.0, 115.0, 672.0, 509.0, 439.0, 1000.0]",1.0,1991.0,0.0,,3.0,277964.0,160197.0,4091.0,2298.0,1.0,1.2,1.0,0.8,,9.8,,,europe,20273.0,,2111986.0,5.67,61832201543.8285,98.6,T,B+,51.5,,,,29276.80464919204,887.1758984603648
Solomon Islands,['4.0'],[29.0],0.0,1976.0,0.0,,2.0,2520.0,4270.0,,,,,,,,,,,oceania,28896.0,,724273.0,,1580303515.40945,83.96,E,,,,,,2181.916922775597,45.45660255782494
Somalia,[],[],0.0,1960.0,0.0,,0.0,58590.0,2034221.0,,,,,,,,,,,africa,637657.0,,17597511.0,,9838711529.45863,67.67,T,,,,,,559.0967682565239,8.735887004008186
South Africa,"['4,5', '4,6', '4,4', '4,4', '4,4', '4,5', '4,6', '4,7', '4,6', '4,5', '4,6', '4,4', '4,8', '4,1', '4,7', '4,7', '4,5', '4,3', '4,5', '4,7', '4,9', '4,4', '4,3', '4,4', '4,6', '4,1']","[809.0, 5000.0, 822.0, 3000.0, 2000.0, 5000.0, 1000.0, 530.0, 398.0, 5000.0, 646.0, 238.0, 518.0, 596.0, 462.0, 200.0, 2000.0, 1000.0, 755.0, 548.0, 58.0, 529.0, 1000.0, 247.0, 203.0, 310.0]",11.0,1910.0,5.0,270.0,2.0,2860495.0,914901.0,,,,,,,,,90.0,32.0,africa,1219090.0,,59893885.0,6.56,420117812463.841,68.87,T,C,33.0,,,,7014.369037237124,61.529552958220386
South Korea,"['4.7', '4.5', '4.6', '4.5', '4.6', '4.5', '4.6', '4.2', '4.7', '4.6', '4.5', '4.7', '4.4', '4.5', '4.6', '4.5', '4.3', '4.5', '4.6', '4.3', '4.4', '4.2', '4.7', '4.2', '4.1', '3.9', '4.8']","[2000.0, 4000.0, 2000.0, 2000.0, 1000.0, 6000.0, 1000.0, 1000.0, 861.0, 7000.0, 469.0, 309.0, 328.0, 1000.0, 1000.0, 5000.0, 2000.0, 3000.0, 9000.0, 1000.0, 1000.0, 2000.0, 182.0, 2000.0, 2000.0, 2000.0, 4.0]",1.0,1948.0,14.0,237.0,3.0,1728182.0,2204554.0,,,,,,,,,,,asia,100432.0,420673.0,51628117.0,,1818432106880.04,102.35,T,A-,56.4,,,,35221.73986860764,463.4439456395742
South Sudan,"['3.3', '4.7', '5.0', '5.0', '5.0', '3.7', '4.7', '4.3', '4.1', '3.3', '4.2']","[4.0, 3.0, 1.0, 3.0, 1.0, 6.0, 6.0, 8.0, 41.0, 3.0, 270.0]",0.0,2011.0,0.0,,0.0,882252.0,2575870.0,,,,,,,,,,,africa,644329.0,,10913164.0,,11997800760.2242,58.61,T,,,,,,1099.3879282144205,84.56830217034005
Spain,"['4,5', '4,7', '4,7', '4,5', '4,7', '4,4', '4,6', '4,7', '4,3', '4,7', '4,7', '4,5', '4,5', '4,6', '4,6', '4,5', '4,7', '4,7', '4,6', '4,3', '4,6', '4,4', '4,9', '4,7', '4,7', '4,4', '4,6']","[56000.0, 22000.0, 120000.0, 76000.0, 39000.0, 29000.0, 41000.0, 130000.0, 26000.0, 30000.0, 19000.0, 12000.0, 12000.0, 13000.0, 15000.0, 19000.0, 38000.0, 6000.0, 7000.0, 4000.0, 1000.0, 5000.0, 1000.0, 52000.0, 5000.0, 7000.0, 5000.0]",8.0,1479.0,14.0,327.0,3.0,6842202.0,1489823.0,4754.0,3171.0,2.0,1.2,,,,10.6,,,europe,505370.0,284626.0,47778340.0,4.59,1445651653604.63,93.9,T,B,49.8,,,,30257.46925499358,55.518292210997394
Sri Lanka,"['4.4', '4.3', '4.2', '4.3', '4.5', '4.3', '4.4', '4.6', '4.4', '4.7', '4.5', '4.6', '3.8', '4.4', '4.2', '4.3', '4.6', '4.8', '4.4', '4.7', '4.6', '4.9', '4.3', '4.1', '4.2']","[4000.0, 636.0, 849.0, 157.0, 418.0, 902.0, 489.0, 195.0, 129.0, 1000.0, 341.0, 284.0, 13.0, 89.0, 136.0, 237.0, 28.0, 161.0, 210.0, 1000.0, 125.0, 46.0, 249.0, 380.0, 245.0]",0.0,1948.0,0.0,,2.0,40254.0,1960025.0,,,,,,,,,92.43,28.0,asia,65610.0,,22181000.0,1.51,88548049121.4972,86.62,T,D+,23.2,,,,3992.067495671845,52.52720389041901
Sudan,"['4.3', '4.3', '4.4', '4.1', '4.2', '4.1', '4.0']","[106.0, 163.0, 16.0, 41.0, 270.0, 54.0, 3.0]",0.0,1956.0,0.0,,0.0,1379147.0,2104887.0,,,,,,,,,,,africa,1861484.0,,46874204.0,,34229513773.9708,78.87,T,,,,,,730.2420276613294,10.738853347960728
Suriname,"['4,3', '4,3', '4,4', '5,0', '3,6', '4,5', '5,0', '4,5', '4,1', '2,0', '4,3']","[30.0, 370.0, 49.0, 7.0, 20.0, 20.0, 1.0, 38.0, 14.0, 3.0, 4.0]",0.0,,0.0,,2.0,47801.0,273209.0,,,,,,,,,95.0,24.0,south-america,163820.0,,618040.0,3.81,3081401725.88833,90.29,E,,,,,,4985.764231907854,
Sweden,"['4,6', '4,7', '4,4', '4,5', '4,3', '4,5', '4,3', '4,5', '4,6', '4,5', '4,2', '4,5', '4,4', '4,5', '4,6', '4,6', '4,3', '4,6', '4,7', '4,3', '4,3', '4,3', '4,4', '4,6', '4,5', '4,5', '4,5']","[6000.0, 52000.0, 6000.0, 14000.0, 9000.0, 2000.0, 1000.0, 29000.0, 3000.0, 2000.0, 6000.0, 2000.0, 17000.0, 38000.0, 4000.0, 5000.0, 13000.0, 2000.0, 5000.0, 5000.0, 2000.0, 7000.0, 2000.0, 2000.0, 403.0, 4000.0, 7000.0]",34.0,1523.0,8.0,179.0,3.0,2003908.0,327581.0,4283.0,2607.0,1.0,2.4,1.0,1.2,,8.0,,,europe,447425.0,60409.0,10486941.0,6.68,639714956069.468,97.0,T,A,61.6,,,,61001.10185319704,121.75868633372663
Switzerland,"['4.4', '4.5', '4.6', '4.5', '4.6', '4.7', '4.6', '4.6', '4.6', '4.5', '4.5', '4.2', '4.5', '4.3', '4.5', '4.6', '4.5', '4.7', '4.6', '4.6', '4.6', '4.7', '4.5', '4.7', '4.6', '4.7', '4.7']","[2079.0, 7897.0, 6351.0, 2228.0, 3910.0, 1203.0, 8293.0, 5190.0, 11000.0, 1084.0, 1110.0, 191.0, 389.0, 4051.0, 2161.0, 756.0, 3152.0, 7368.0, 871.0, 2803.0, 309.0, 8121.0, 2333.0, 3345.0, 3652.0, 1354.0, 5806.0]",25.0,,9.0,166.0,3.0,2491249.0,713623.0,4792.0,2889.0,1.0,1.2,1.0,1.2,,4.0,,,europe,41291.0,52468.0,8775760.0,5.04,813408787222.499,99.24,T,A,61.6,,,,92688.13039810785,
Syria,"['4.5', '4.3', '4.4', '4.6', '4.7', '4.3', '4.2', '4.4', '4.3', '4.6', '5.0', '4.4', '3.7', '4.6', '3.9', '4.5', '4.5', '4.0']","[362.0, 64.0, 46.0, 122.0, 438.0, 41.0, 35.0, 71.0, 39.0, 178.0, 4.0, 9.0, 3.0, 43.0, 37.0, 111.0, 214.0, 8.0]",0.0,1961.0,0.0,,0.0,868711.0,8457214.0,,,,,,,,,,,asia,185180.0,,22125249.0,,8969512933.38826,74.41,T,,,,,,405.39715206767886,6.434875429645696
Taiwan,"['4.5', '4.5', '4.4', '4.2', '4.4', '4.6', '4.4', '4.4', '4.5', '4.6', '4.7', '4.4', '4.6', '4.5', '4.8', '4.6', '4.6', '4.5', '4.2', '4.4', '4.6', '4.5', '4.6', '4.4', '4.5', '4.2', '4.3']","[9095.0, 4000.0, 5146.0, 627.0, 8490.0, 2470.0, 6159.0, 9754.0, 2000.0, 4000.0, 5000.0, 1000.0, 4757.0, 9924.0, 109.0, 3000.0, 8046.0, 9769.0, 3000.0, 1000.0, 2285.0, 5992.0, 2000.0, 8948.0, 3130.0, 2267.0, 767.0]",1.0,1949.0,7.0,285.0,3.0,,,,,,,,,,,,,asia,35980.0,,,,,106.47,T,B,45.7,,,,,
Tajikistan,[],[],0.0,,0.0,,1.0,276031.0,586851.0,,,,,,,,,,,asia,144100.0,,9952787.0,5.54,8937805347.13963,87.71,T,D+,23.1,,,,898.0203582312803,
Tanzania,"['4.3', '4.2', '4.3', '4.4', '4.7', '4.2', '4.3', '4.2', '4.0', '4.1', '4.6', '4.8', '4.7', '4.5', '4.4', '4.6', '4.2', '4.1', '4.0', '3.5']","[1000.0, 53.0, 286.0, 2000.0, 27.0, 118.0, 111.0, 138.0, 468.0, 125.0, 172.0, 12.0, 30.0, 568.0, 7.0, 20.0, 1000.0, 280.0, 343.0, 272.0]",1.0,1961.0,0.0,,1.0,426017.0,327863.0,,,,,,,,,,,africa,947303.0,,65497748.0,3.12,70655628147.8986,74.95,T,D-,14.4,,,,1078.7489693217942,17.122999513044352
Thailand,"['4.5', '4.3', '4.6', '4.5', '4.6', '4.6', '4.5', '4.5', '4.6', '4.5', '4.4', '4.6', '4.6', '4.5', '4.6', '4.8', '4.7', '4.3', '4.7', '4.4', '4.4', '4.6', '4.2', '4.1', '4.5', '4.1', '3.9']","[6000.0, 376.0, 397.0, 1000.0, 6000.0, 2000.0, 825.0, 236.0, 2000.0, 117.0, 12000.0, 437.0, 119.0, 2000.0, 4000.0, 1000.0, 4000.0, 1000.0, 111.0, 9000.0, 857.0, 1000.0, 339.0, 851.0, 8000.0, 342.0, 217.0]",0.0,1776.0,2.0,296.0,0.0,3632496.0,1086985.0,,,,,,,,,94.1,27.0,asia,513120.0,,71697030.0,2.99,505568063988.806,88.87,T,C-,29.2,,,,7051.450582943338,28.433268479610234
Togo,"['3,8', '4,0', '4,0', '2,8', '2,9', '3,2', '2,9', '3,9', '3,4', '3,6', '3,5', '4,7', '4,2', '2,5', '5,0', '4,5', '4,4', '4,0', '3,9']","[709.0, 121.0, 2.0, 22.0, 11.0, 5.0, 16.0, 35.0, 5.0, 7.0, 47.0, 3.0, 25.0, 2.0, 2.0, 62.0, 12.0, 2.0, 172.0]",0.0,1958.0,0.0,,1.0,279936.0,545409.0,,,,,,,,,,,africa,56785.0,,8848699.0,4.23,8443112143.23844,59.83,E,,,,,,954.1642385212153,14.457033916988111
Tonga,['3.8'],[12.0],0.0,1970.0,0.0,,,3742.0,74550.0,,,,,,,,,99.4,10.0,oceania,747.0,,106858.0,4.93,469228219.665791,83.96,E,,,,,,4391.137955658827,81.31736954923754
Tunisia,[],[],2.0,1956.0,0.0,,2.0,60145.0,902268.0,,,,,,,,,,,africa,163610.0,,12356117.0,,46687293140.3377,79.22,E,D+,24.8,,,,3778.4761297046393,55.56582543683293
Turkey,[],[],2.0,,3.0,390.0,1.0,6052652.0,3411408.0,2880.0,3371.0,1.0,2.0,1.0,,,12.0,,,asia,783562.0,374943.0,84979913.0,2.85,819865253669.661,86.8,T,C,33.4,,,,9647.753506992423,
Turkmenistan,[],[],0.0,1991.0,0.0,,1.0,194920.0,242554.0,,,,,,,,,,,asia,488100.0,,6430770.0,,50007428571.4286,85.86,E,,,,,,7776.273847677431,235.64466205083124
Turks and Caicos Islands,"['4.4', '4.6', '5.0', '3.8', '4.6']","[187.0, 36.0, 4.0, 9.0, 7.0]",0.0,,0.0,,,25748.0,2689.0,,,,,,,,,,,,948.0,,45703.0,,1044778790.0,84.29,E,,,,,,22860.179638098154,
Uganda,"['4.1', '4.6', '4.1', '4.7', '4.4']","[2000.0, 10.0, 921.0, 66.0, 38.0]",0.0,1962.0,0.0,,1.0,1720313.0,781440.0,,,,,,,,,,,africa,241550.0,,47249585.0,2.64,40510241365.8914,76.42,T,D-,12.4,,,,857.3671359418586,13.828502192610623
Ukraine,"['4,6', '4,6', '4,7', '4,5', '4,8', '4,7', '4,8', '4,3', '4,6', '4,4', '4,4', '4,7', '4,9', '4,7', '4,6', '4,7', '4,8', '5,0', '4,7', '4,6', '4,7', '4,6', '4,6', '4,6', '4,7', '4,7', '4,7']","[2000.0, 2000.0, 25000.0, 296.0, 3000.0, 344.0, 2000.0, 81.0, 3000.0, 1000.0, 3000.0, 2000.0, 669.0, 12000.0, 1000.0, 7000.0, 1000.0, 386.0, 1000.0, 4000.0, 4000.0, 2000.0, 4000.0, 384.0, 1000.0, 8000.0, 17000.0]",4.0,1991.0,0.0,,1.0,4997387.0,6139144.0,,,,,,,,,100.0,1.0,europe,603550.0,,38000000.0,5.74,199765859570.935,90.07,T,C+,38.3,,,,5256.99630449829,159.30291831813
United Arab Emirates,"['4.6', '4.6', '4.5', '4.5', '4.6', '4.5', '4.6', '4.5', '4.6', '4.5', '4.4', '4.3', '4.2', '4.5', '4.4', '4.5', '4.6', '4.5', '5.0', '4.4', '4.7', '4.5', '4.6', '4.6', '4.3', '4.2', '4.5']","[2000.0, 28000.0, 27000.0, 2000.0, 4000.0, 913.0, 333.0, 1000.0, 1000.0, 1000.0, 1000.0, 925.0, 3000.0, 1000.0, 1000.0, 1000.0, 956.0, 1000.0, 198.0, 2000.0, 5000.0, 452.0, 130.0, 158.0, 14000.0, 566.0, 271.0]",0.0,1971.0,4.0,337.0,0.0,8716332.0,203214.0,,,,,,,,,98.13,18.0,asia,78157.0,,9441129.0,3.9,415178792769.884,82.05,T,C+,35.9,,,,43975.5449554692,829.7272633107397
United Kingdom,"['4.7', '4.7', '4.7', '4.7', '4.7', '4.7', '4.5', '4.6', '4.8', '4.6', '4.7', '4.5', '4.8', '4.8', '4.6', '4.8', '4.8', '4.7', '4.7', '4.4', '4.7', '4.2', '4.5', '4.9', '4.6', '4.8', '4.7']","[147000.0, 25000.0, 47000.0, 55000.0, 8000.0, 26000.0, 32000.0, 31000.0, 45000.0, 13000.0, 19000.0, 65000.0, 13000.0, 3000.0, 5000.0, 8000.0, 5000.0, 7000.0, 10000.0, 71000.0, 17000.0, 1000.0, 4000.0, 1000.0, 13000.0, 22000.0, 15000.0]",137.0,1707.0,49.0,199.0,3.0,9359587.0,4732510.0,,,,,,,,,,,europe,243610.0,652174.0,66971395.0,5.33,3141506156618.7,99.12,T,A,64.2,,,,46908.17858309059,147.97532676053814
United States,"['4.3', '4.5', '4.8', '4.8', '4.8', '4.8', '4.8', '4.8', '4.8', '4.8', '4.6', '4.6', '4.7', '4.8', '4.6', '4.6', '4.7', '4.8', '4.8', '4.5', '4.6', '4.8', '4.7', '4.8', '4.6', '4.9', '4.8']","[373.0, 19000.0, 46000.0, 30000.0, 32000.0, 16000.0, 80000.0, 26000.0, 76000.0, 25000.0, 41000.0, 50000.0, 24000.0, 44000.0, 16000.0, 4000.0, 20000.0, 21000.0, 9000.0, 12000.0, 8000.0, 7000.0, 13000.0, 13000.0, 57000.0, 3000.0, 15000.0]",411.0,,82.0,214.0,3.0,50632836.0,2996223.0,5841.0,3068.0,,,,,,,,,north-america,9369417.0,2715337.0,333287557.0,,23315080560000.0,97.43,T,A+,74.9,,,,69954.84850939094,
Uruguay,"['4,5', '4,5', '4,6', '4,3', '4,6', '4,4', '4,5', '4,3', '4,8', '4,3', '4,6', '4,7', '4,6', '4,7', '4,7', '4,4', '4,7', '4,5', '4,6', '4,6', '4,8', '4,6', '4,3', '4,8', '4,4', '4,5', '4,3']","[2000.0, 2000.0, 5000.0, 1000.0, 558.0, 1000.0, 7000.0, 721.0, 2000.0, 112.0, 711.0, 1000.0, 559.0, 1000.0, 114.0, 2000.0, 1000.0, 3000.0, 309.0, 2000.0, 299.0, 960.0, 263.0, 4000.0, 1000.0, 385.0, 91.0]",0.0,1825.0,0.0,,3.0,108267.0,367060.0,,,,,,,,,,,south-america,176215.0,,3422794.0,4.41,61412268248.9461,87.59,E,C+,37.9,,,,17942.145583095593,90.1615355934452
Uzbekistan,"['4,1', '4,5', '4,4', '4,5', '4,1', '4,6', '4,4', '4,3', '4,3', '4,4', '4,8', '4,8', '4,5', '4,0', '4,4', '4,5', '4,9', '4,7', '4,0', '4,7', '4,5', '4,6', '4,3', '4,5']","[503.0, 722.0, 48.0, 1000.0, 431.0, 213.0, 229.0, 84.0, 208.0, 13.0, 23.0, 6.0, 15.0, 43.0, 12.0, 69.0, 9.0, 521.0, 12.0, 32.0, 21.0, 14.0, 262.0, 60.0]",0.0,1991.0,0.0,,1.0,1162007.0,2027823.0,,,,,,,,,100.0,2.0,asia,447400.0,,35648100.0,5.37,69600614987.3509,89.01,T,,,,,,1952.4354730645084,59.164711304985104
Vanuatu,"['4.0', '4.5']","[145.0, 26.0]",0.0,1980.0,0.0,,2.0,3257.0,7246.0,,,,,,,,,89.1,33.0,oceania,12189.0,,326740.0,,971636097.850666,93.92,E,,,,,,2973.728646173306,67.58474195848423
Venezuela,"['4,2', '4,5', '4,4', '4,3', '4,7', '4,2', '4,3', '4,4', '4,5', '4,5', '4,6', '4,6', '3,8', '3,6', '4,4', '4,1', '4,3', '4,2', '3,7', '4,2', '4,6', '5,0', '4,0', '4,5', '4,4', '4,7', '4,5']","[620.0, 266.0, 243.0, 805.0, 13.0, 314.0, 699.0, 120.0, 754.0, 515.0, 132.0, 38.0, 1000.0, 14.0, 73.0, 568.0, 643.0, 1000.0, 91.0, 24.0, 1000.0, 19.0, 6.0, 82.0, 248.0, 19.0, 758.0]",1.0,1811.0,0.0,,1.0,1324193.0,5415337.0,,,,,,,,,,,south-america,912050.0,,28301696.0,,482359318767.703,82.99,T,C-,26.8,,,,17043.477492221773,80.01632625456232
Vietnam,[],[],1.0,1945.0,0.0,,0.0,76767.0,3392025.0,,,,,,,,,,,asia,331340.0,,98186856.0,2.95,366137569122.215,89.53,T,C-,25.1,,,,3728.987606265904,47.20237476285955
Yemen,"['4.4', '4.4', '4.2', '5.0', '5.0', '4.8', '4.0', '5.0', '3.0', '4.3', '3.8', '5.0', '5.0', '5.0', '1.0', '5.0', '4.0', '4.0', '3.7', '5.0']","[244.0, 222.0, 147.0, 2.0, 6.0, 5.0, 7.0, 4.0, 2.0, 11.0, 4.0, 6.0, 2.0, 3.0, 1.0, 1.0, 161.0, 127.0, 9.0, 1.0]",1.0,1990.0,0.0,,0.0,387113.0,1301166.0,,,,,,,,,,,asia,527968.0,,33696614.0,,21606160777.1719,62.86,T,,,,,,641.1967913800449,18.858729158236617
Zambia,"['4.3', '4.2', '3.7', '4.3', '3.8', '3.9', '3.6', '4.0']","[371.0, 1000.0, 230.0, 94.0, 155.0, 442.0, 12.0, 2.0]",0.0,1964.0,0.0,,1.0,187955.0,200700.0,,,,,,,,,,,africa,752612.0,,20017675.0,3.11,22096416933.7902,68.43,E,D,18.9,,,,1103.8453233849684,18.39742205641614
Zimbabwe,"['3.8', '4.1', '4.3', '3.8', '4.1', '4.0', '4.3', '4.7', '3.8', '4.8', '4.0', '4.0', '2.7', '3.5', '3.6', '2.5', '3.4']","[483.0, 38.0, 391.0, 319.0, 311.0, 786.0, 56.0, 15.0, 79.0, 4.0, 23.0, 1.0, 3.0, 197.0, 16.0, 2.0, 16.0]",0.0,1965.0,0.0,,1.0,416141.0,1243314.0,,,,,,,,,,,africa,390757.0,,16320537.0,,28371238665.8646,74.01,T,D-,11.7,,,,1738.3765415233947,29.464009178362623
